id,symbol,name,image,current_price,market_cap,market_cap_rank,fully_diluted_valuation,total_volume,high_24h,low_24h,price_change_24h,price_change_percentage_24h,market_cap_change_24h,market_cap_change_percentage_24h,circulating_supply,total_supply,max_supply,ath,ath_change_percentage,ath_date,atl,atl_change_percentage,atl_date,roi,last_updated,price_change_percentage_30d_in_currency,price_change_percentage_7d_in_currency,zone,drawdown_pct,price_resilience,is_gold,suspected_wash_trading,momentum,rs_24h,rs_7d,rs_strong_24h,rs_leader_24h,ratio,range,volume_recovery,timeframe_analysis,timeframe_classification,social_analysis,seller_exhaustion,volatility_14d,ratio_surge,sector,accumulation_score,accumulation_signal,accumulation_slope,is_silent_accumulation,accumulation_reason,source_range,quant_score,social_score,final_score,ranking,persistence_count_3d,persistence_count_7d,persistence_count_14d,first_seen,max_persistence_ever,persistence_days,is_confirmed_leader,social_explosion,social_validation,rs_strong,fdv_warning
holotoken,hot,Holo,https://coin-images.coingecko.com/coins/images/3348/large/hot-mark-med.png?1747766692,0.00033635,59741553,406,59741553,1393015960,0.00036268,0.00032732,-2.0286100141526e-05,-5.68821,-3604310.946224682,-5.68989,177619433541.1413,177619433541.1413,,0.03126682,-98.92427,2021-04-05T16:04:52.608Z,0.0002202,52.74682,2020-03-13T02:23:01.612Z,"{'times': -0.16466803030787944, 'currency': 'eth', 'percentage': -16.466803030787943}",2026-06-04T12:43:25.365Z,-20.78845259540191,-6.772790445131208,breakout,0.9892,False,False,False,low,-0.7549799999999998,,False,False,23.317371076711044,50m_range,False,"{'short_term': {'has_spike': False, 'momentum_initial': 'low', 'volume_mc_ratio': 0, 'is_candidate': False}, 'medium_term': {'persistence_days': 0, 'volume_recovery_consistent': False, 'volatility_reducing': False, 'is_emerging_leader': False}, 'long_term': {'trend_clear': False, 'sustainable_growth': False, 'consistency_score': 0, 'is_confirmed_leader': False}, 'classification': 'MONITORING'}",MONITORING,"{""should_analyze"": false, ""combined_validation"": ""NOT_APPLICABLE""}",True,0.020879734619381682,True,Infra,0.0,none,0.0,False,Apenas 1 snapshots (mínimo 3),50m_range,2.3,0,1.38,1,0,0,0,20260603,0,0,False,False,NOT_APPLICABLE,False,
amp-token,amp,Amp,https://coin-images.coingecko.com/coins/images/12409/large/amp-200x200.png?1696512231,0.0006613,57388688,418,65945320,223189627621,0.00087589,0.00060834,1.116e-05,1.7162,968275.0,1.71618,86781193103.18022,99720238122.2857,100000000000.0,0.120813,-99.45262,2021-06-16T16:03:41.147Z,0.00060834,8.70632,2026-06-04T02:15:30.457Z,,2026-06-04T12:43:23.714Z,-24.402954075144248,-9.299271440701856,breakout,0.9945,False,False,True,low,6.64943,,True,True,3889.087473493034,50m_range,False,"{'short_term': {'has_spike': False, 'momentum_initial': 'low', 'volume_mc_ratio': 0, 'is_candidate': False}, 'medium_term': {'persistence_days': 0, 'volume_recovery_consistent': False, 'volatility_reducing': False, 'is_emerging_leader': False}, 'long_term': {'trend_clear': False, 'sustainable_growth': False, 'consistency_score': 0, 'is_confirmed_leader': False}, 'classification': 'MONITORING'}",MONITORING,"{""should_analyze"": false, ""combined_validation"": ""NOT_APPLICABLE""}",True,0.030369133700152477,True,Other,0.0,none,0.0,False,Apenas 2 snapshots (mínimo 3),50m_range,2.0,0,1.2,2,0,0,0,20260516,0,0,False,False,NOT_APPLICABLE,True,
mina-protocol,mina,Mina Protocol,https://coin-images.coingecko.com/coins/images/15628/large/JM4_vQ34_400x400.png?1696515261,0.04794098,61802212,400,61804180,162129619,0.053947,0.04627542,-0.005381955691374236,-10.09313,-6813402.041594744,-9.92981,1289146857.840039,1289187892.840039,,9.09,-99.47261,2021-06-01T01:42:37.064Z,0.04627542,3.6011,2026-06-04T11:15:45.948Z,,2026-06-04T12:43:24.154Z,-23.414209657426213,-11.367260990202439,breakout,0.9947,False,False,False,low,-5.1599,,False,False,2.62336272041525,50m_range,False,"{'short_term': {'has_spike': False, 'momentum_initial': 'low', 'volume_mc_ratio': 0, 'is_candidate': False}, 'medium_term': {'persistence_days': 0, 'volume_recovery_consistent': False, 'volatility_reducing': False, 'is_emerging_leader': False}, 'long_term': {'trend_clear': False, 'sustainable_growth': False, 'consistency_score': 0, 'is_confirmed_leader': False}, 'classification': 'MONITORING'}",MONITORING,"{""should_analyze"": false, ""combined_validation"": ""NOT_APPLICABLE""}",False,0.0,False,Other,0.0,none,0.0,False,Apenas 0 snapshots (mínimo 3),50m_range,1.5,0,0.9,3,0,0,0,20260604,0,0,False,False,NOT_APPLICABLE,False,
sushi,sushi,Sushi,https://coin-images.coingecko.com/coins/images/12271/large/512x512_Logo_no_chop.png?1696512101,0.200666,54802262,437,58516301,90616071,0.23988,0.195242,-0.019204650602925144,-8.73451,-5182391.196707539,-8.63953,273012266.12632084,291514753.9009228,,23.38,-99.1409,2021-03-13T23:44:36.774Z,0.176242,13.94975,2026-02-06T00:25:56.686Z,,2026-06-04T12:43:24.292Z,-9.115462594941235,4.778941799202709,breakout,0.9914,False,False,False,low,-3.80128,,False,False,1.653509685421379,50m_range,False,"{'short_term': {'has_spike': False, 'momentum_initial': 'low', 'volume_mc_ratio': 0, 'is_candidate': False}, 'medium_term': {'persistence_days': 0, 'volume_recovery_consistent': False, 'volatility_reducing': False, 'is_emerging_leader': False}, 'long_term': {'trend_clear': False, 'sustainable_growth': False, 'consistency_score': 0, 'is_confirmed_leader': False}, 'classification': 'MONITORING'}",MONITORING,"{""should_analyze"": false, ""combined_validation"": ""NOT_APPLICABLE""}",False,0.0,True,DeFi,0.638,strong,0.0272,True,"Acumulação silenciosa: slope=0.0272, consistência=50%",50m_range,1.5,0,0.9,4,0,0,0,20260509,0,0,False,False,NOT_APPLICABLE,False,
constitutiondao,people,ConstitutionDAO,https://coin-images.coingecko.com/coins/images/20612/large/GN_UVm3d_400x400.jpg?1696520017,0.00572789,29018208,665,29018208,571241902,0.00624801,0.0054677,-0.000465573511619529,-7.51718,-2292514.5351670757,-7.32182,5066374892.014003,5066374892.014003,,0.185022,-96.90438,2021-12-23T05:59:19.861Z,0.0009194,522.96984,2021-11-21T11:33:21.508Z,,2026-06-04T12:43:24.520Z,-32.90864723510795,-6.37149709974985,breakout,0.969,False,False,False,low,-2.5839499999999997,,False,False,19.685636756067087,10_49m_range,False,"{'short_term': {'has_spike': False, 'momentum_initial': 'low', 'volume_mc_ratio': 0, 'is_candidate': False}, 'medium_term': {'persistence_days': 0, 'volume_recovery_consistent': False, 'volatility_reducing': False, 'is_emerging_leader': False}, 'long_term': {'trend_clear': False, 'sustainable_growth': False, 'consistency_score': 0, 'is_confirmed_leader': False}, 'classification': 'MONITORING'}",MONITORING,"{""should_analyze"": false, ""combined_validation"": ""NOT_APPLICABLE""}",False,0.0,True,Other,0.471,moderate,0.0167,False,Possível acumulação: slope=0.0167,10_49m_range,1.5,0,0.9,1,0,0,0,20260503,0,0,False,False,NOT_APPLICABLE,False,
moonriver,movr,Moonriver,https://coin-images.coingecko.com/coins/images/17984/large/Moonriver_MOVR_ICON.png?1716647589,1.44,17305204,903,17980756,115177462,1.58,1.39,-0.13717990559959303,-8.72185,-1543602.6431056336,-8.18939,12055127.0,12525729.0,,494.26,-99.70956,2021-09-11T11:40:35.912Z,0.989365,45.09451,2026-03-29T22:50:08.955Z,,2026-06-04T12:44:23.042Z,-35.07285054985259,-19.518788611332187,breakout,0.9971,False,False,False,low,-3.78862,,False,False,6.655654680522692,10_49m_range,False,"{'short_term': {'has_spike': False, 'momentum_initial': 'low', 'volume_mc_ratio': 0, 'is_candidate': False}, 'medium_term': {'persistence_days': 0, 'volume_recovery_consistent': False, 'volatility_reducing': False, 'is_emerging_leader': False}, 'long_term': {'trend_clear': False, 'sustainable_growth': False, 'consistency_score': 0, 'is_confirmed_leader': False}, 'classification': 'MONITORING'}",MONITORING,"{""should_analyze"": false, ""combined_validation"": ""NOT_APPLICABLE""}",False,0.0,True,Other,0.0,none,-0.0022,False,Ratio em queda — sem acumulação,10_49m_range,1.5,0,0.9,2,0,0,0,20260510,0,0,False,False,NOT_APPLICABLE,False,
epic-chain,epic,Epic Chain,https://coin-images.coingecko.com/coins/images/54734/large/PFP.png?1753421273,0.587985,19846772,841,19846772,62776068,0.617334,0.440835,0.060704,11.51269,2110980.0,11.90237,33600000.0,33600000.0,33600000.0,3.2,-81.53896,2025-08-20T15:57:23.043Z,0.192233,207.04355,2026-05-29T04:15:25.109Z,,2026-06-04T12:44:25.658Z,72.62357956236875,200.98278952146097,breakout,0.8163,False,False,False,low,16.44592,,True,True,3.163036689291337,10_49m_range,False,"{'short_term': {'has_spike': False, 'momentum_initial': 'low', 'volume_mc_ratio': 0, 'is_candidate': False}, 'medium_term': {'persistence_days': 0, 'volume_recovery_consistent': False, 'volatility_reducing': False, 'is_emerging_leader': False}, 'long_term': {'trend_clear': False, 'sustainable_growth': False, 'consistency_score': 0, 'is_confirmed_leader': False}, 'classification': 'MONITORING'}",MONITORING,"{""should_analyze"": false, ""combined_validation"": ""NOT_APPLICABLE""}",False,0.0,False,Other,0.0,none,0.0,False,Apenas 1 snapshots (mínimo 3),10_49m_range,1.5,0,0.9,3,0,0,0,20260603,0,0,False,False,NOT_APPLICABLE,True,
wink,win,WINkLink,https://coin-images.coingecko.com/coins/images/9129/large/WinK.png?1696509252,1.82e-05,18088012,885,18088012,57188072,1.932e-05,1.79e-05,-1.088191223205e-06,-5.64092,-1084428.6560379416,-5.65618,993701854154.286,993701859243.3864,,0.00289424,-99.37097,2021-04-05T20:24:01.448Z,1.79e-05,1.70873,2026-06-04T11:30:48.318Z,"{'times': -0.8484359962380363, 'currency': 'usd', 'percentage': -84.84359962380363}",2026-06-04T12:44:27.509Z,-10.401824724822943,-4.223147041114924,breakout,0.9937,False,False,False,low,-0.7076900000000004,,False,False,3.1616560183617746,10_49m_range,False,"{'short_term': {'has_spike': False, 'momentum_initial': 'low', 'volume_mc_ratio': 0, 'is_candidate': False}, 'medium_term': {'persistence_days': 0, 'volume_recovery_consistent': False, 'volatility_reducing': False, 'is_emerging_leader': False}, 'long_term': {'trend_clear': False, 'sustainable_growth': False, 'consistency_score': 0, 'is_confirmed_leader': False}, 'classification': 'MONITORING'}",MONITORING,"{""should_analyze"": false, ""combined_validation"": ""NOT_APPLICABLE""}",False,0.0,True,Other,0.289,weak,0.0037,False,Sinal fraco: slope=0.0037,10_49m_range,1.5,0,0.9,4,0,0,0,20260502,0,0,False,False,NOT_APPLICABLE,False,
magic,magic,Treasure,https://coin-images.coingecko.com/coins/images/18623/large/magic.png?1696518095,0.050347,16917276,913,17504719,46972536,0.055829,0.04934574,-0.004968868884409929,-8.98271,-1666433.0809994638,-8.96717,336018972.3417761,347687042.9717532,347714007.0,6.32,-99.20384,2022-02-19T16:24:53.615Z,0.01999252,151.82367,2021-10-07T01:57:51.729Z,,2026-06-04T12:44:23.154Z,-23.204509330228515,-10.13063779251639,breakout,0.992,False,False,False,low,-4.049480000000001,,False,False,2.7766016230981867,10_49m_range,False,"{'short_term': {'has_spike': False, 'momentum_initial': 'low', 'volume_mc_ratio': 0, 'is_candidate': False}, 'medium_term': {'persistence_days': 0, 'volume_recovery_consistent': False, 'volatility_reducing': False, 'is_emerging_leader': False}, 'long_term': {'trend_clear': False, 'sustainable_growth': False, 'consistency_score': 0, 'is_confirmed_leader': False}, 'classification': 'MONITORING'}",MONITORING,"{""should_analyze"": false, ""combined_validation"": ""NOT_APPLICABLE""}",False,0.0,True,Gaming,0.0,none,-0.0125,False,Ratio em queda — sem acumulação,10_49m_range,1.5,0,0.9,5,0,0,0,20260511,0,0,False,False,NOT_APPLICABLE,False,
ssv-network,ssv,SSV Network,https://coin-images.coingecko.com/coins/images/19155/large/ssv.png?1696518606,2.24,32865720,601,32865720,81143475,2.55,2.16,-0.1950351480438286,-8.02287,-2911969.06539312,-8.13906,14699173.1,14699173.1,,65.82,-96.6029,2024-03-25T05:21:25.264Z,2.09,7.19503,2026-04-13T08:10:42.294Z,,2026-06-04T12:43:24.411Z,-20.94180775805774,-3.9659220116178715,breakout,0.966,False,False,False,low,-3.0896399999999993,,False,False,2.468939521178906,10_49m_range,False,"{'short_term': {'has_spike': False, 'momentum_initial': 'low', 'volume_mc_ratio': 0, 'is_candidate': False}, 'medium_term': {'persistence_days': 0, 'volume_recovery_consistent': False, 'volatility_reducing': False, 'is_emerging_leader': False}, 'long_term': {'trend_clear': False, 'sustainable_growth': False, 'consistency_score': 0, 'is_confirmed_leader': False}, 'classification': 'MONITORING'}",MONITORING,"{""should_analyze"": false, ""combined_validation"": ""NOT_APPLICABLE""}",False,0.0,True,DeFi,0.245,weak,0.0002,False,Sinal fraco: slope=0.0002,10_49m_range,1.5,0,0.9,6,0,0,0,20260502,0,0,False,False,NOT_APPLICABLE,False,
xai-blockchain,xai,Xai,https://coin-images.coingecko.com/coins/images/34258/large/round_icon_2048_px.png?1719523838,0.00884209,18244862,881,19502446,43633706,0.00989166,0.0084702,-0.001010816000597452,-10.25907,-2074530.858069215,-10.20961,2063470541.5893078,2205701729.23993,2500000000.0,1.59,-99.4439,2024-02-25T16:20:31.509Z,0.0084702,4.37489,2026-06-04T11:15:25.204Z,,2026-06-04T12:44:36.504Z,-20.269277245150235,-4.683769025169208,breakout,0.9944,False,False,False,low,-5.3258399999999995,,False,False,2.391561306410539,10_49m_range,False,"{'short_term': {'has_spike': False, 'momentum_initial': 'low', 'volume_mc_ratio': 0, 'is_candidate': False}, 'medium_term': {'persistence_days': 0, 'volume_recovery_consistent': False, 'volatility_reducing': False, 'is_emerging_leader': False}, 'long_term': {'trend_clear': False, 'sustainable_growth': False, 'consistency_score': 0, 'is_confirmed_leader': False}, 'classification': 'MONITORING'}",MONITORING,"{""should_analyze"": false, ""combined_validation"": ""NOT_APPLICABLE""}",False,0.0,True,Other,0.0,none,-0.0019,False,Ratio em queda — sem acumulação,10_49m_range,1.5,0,0.9,7,0,0,0,20260510,0,0,False,False,NOT_APPLICABLE,False,
bonfida,fida,Bonfida,https://coin-images.coingecko.com/coins/images/13395/large/bonfida.png?1696513157,0.02056581,20373697,831,20373697,47668324,0.02282916,0.01976506,-0.001079159875007441,-4.98573,-1088591.6244654506,-5.07211,990910767.210976,990910767.210976,1000000000.0,18.77,-99.89052,2021-11-03T20:34:33.492Z,0.01221703,68.23698,2026-03-29T22:50:36.078Z,,2026-06-04T12:44:37.615Z,18.94052756042501,-28.29906868135346,breakout,0.9989,False,False,False,low,-0.05250000000000021,,False,False,2.339699270093199,10_49m_range,False,"{'short_term': {'has_spike': False, 'momentum_initial': 'low', 'volume_mc_ratio': 0, 'is_candidate': False}, 'medium_term': {'persistence_days': 0, 'volume_recovery_consistent': False, 'volatility_reducing': False, 'is_emerging_leader': False}, 'long_term': {'trend_clear': False, 'sustainable_growth': False, 'consistency_score': 0, 'is_confirmed_leader': False}, 'classification': 'MONITORING'}",MONITORING,"{""should_analyze"": false, ""combined_validation"": ""NOT_APPLICABLE""}",False,0.0,True,Other,0.0,none,-0.074,False,Ratio em queda — sem acumulação,10_49m_range,1.5,0,0.9,8,0,0,0,20260506,0,0,False,False,NOT_APPLICABLE,False,
marlin,pond,Marlin,https://coin-images.coingecko.com/coins/images/8903/large/200x200.png?1706115827,0.00178746,14660560,976,17873513,34101855,0.00212223,0.00155598,0.00014082,8.55172,1147977.0,8.49561,8202394162.0,10000000000.0,10000000000.0,0.323362,-99.44821,2020-12-21T23:37:33.267Z,0.00135057,32.11299,2026-05-23T08:20:56.196Z,,2026-06-04T12:44:27.250Z,-15.081872963103002,0.9856926452091161,breakout,0.9945,False,False,False,low,13.48495,,True,True,2.3260949786365597,10_49m_range,False,"{'short_term': {'has_spike': False, 'momentum_initial': 'low', 'volume_mc_ratio': 0, 'is_candidate': False}, 'medium_term': {'persistence_days': 0, 'volume_recovery_consistent': False, 'volatility_reducing': False, 'is_emerging_leader': False}, 'long_term': {'trend_clear': False, 'sustainable_growth': False, 'consistency_score': 0, 'is_confirmed_leader': False}, 'classification': 'MONITORING'}",MONITORING,"{""should_analyze"": false, ""combined_validation"": ""NOT_APPLICABLE""}",False,0.0,False,Other,0.0,none,0.0,False,Apenas 2 snapshots (mínimo 3),10_49m_range,1.5,0,0.9,9,0,0,0,20260502,0,0,False,False,NOT_APPLICABLE,True,
memecoin-2,meme,Memecoin,https://coin-images.coingecko.com/coins/images/32528/large/memecoin_%282%29.png?1698912168,0.00063702,40364383,522,43849195,85204158,0.00063488,0.00053509,8.218e-05,14.81142,5023748.0,14.21522,63516387916.66666,69000000000.0,69000000000.0,0.056324,-98.8717,2024-03-04T17:30:21.569Z,0.00046386,37.00215,2026-05-28T12:25:43.677Z,,2026-06-04T12:43:25.419Z,5.399462897297462,35.802695117372025,breakout,0.9887,False,False,False,low,19.74465,,True,True,2.1108747778951558,10_49m_range,False,"{'short_term': {'has_spike': False, 'momentum_initial': 'low', 'volume_mc_ratio': 0, 'is_candidate': False}, 'medium_term': {'persistence_days': 0, 'volume_recovery_consistent': False, 'volatility_reducing': False, 'is_emerging_leader': False}, 'long_term': {'trend_clear': False, 'sustainable_growth': False, 'consistency_score': 0, 'is_confirmed_leader': False}, 'classification': 'MONITORING'}",MONITORING,"{""should_analyze"": false, ""combined_validation"": ""NOT_APPLICABLE""}",False,0.0,False,Other,0.32,weak,0.2806,False,Sinal fraco: slope=0.2806,10_49m_range,1.5,0,0.9,10,0,0,0,20260503,0,0,False,False,NOT_APPLICABLE,True,
stratis,strax,Xertra,https://coin-images.coingecko.com/coins/images/531/large/Xertra_Logo_200x200.png?1761277005,0.01012241,21975843,795,21975988,41668488,0.01178961,0.00988139,-0.001667194760236261,-14.14122,-3617430.065410532,-14.1343,2172020002.702903,2172034349.564509,,22.77,-99.95555,2018-01-08T00:00:00.000Z,0.00988139,2.40828,2026-06-04T11:20:27.015Z,,2026-06-04T12:44:31.421Z,-23.715155677933296,-12.247886611741873,breakout,0.9996,False,False,False,low,-9.20799,,False,False,1.8961041904058016,10_49m_range,False,"{'short_term': {'has_spike': False, 'momentum_initial': 'low', 'volume_mc_ratio': 0, 'is_candidate': False}, 'medium_term': {'persistence_days': 0, 'volume_recovery_consistent': False, 'volatility_reducing': False, 'is_emerging_leader': False}, 'long_term': {'trend_clear': False, 'sustainable_growth': False, 'consistency_score': 0, 'is_confirmed_leader': False}, 'classification': 'MONITORING'}",MONITORING,"{""should_analyze"": false, ""combined_validation"": ""NOT_APPLICABLE""}",False,0.0,False,Other,0.0,none,-0.3696,False,Ratio em queda — sem acumulação,10_49m_range,1.5,0,0.9,11,0,0,0,20260531,0,0,False,False,NOT_APPLICABLE,False,
osmosis,osmo,Osmosis,https://coin-images.coingecko.com/coins/images/16724/large/osmo.png?1696516298,0.04117878,31965863,621,40303792,34915874,0.05501,0.04001011,-0.003854676460353833,-8.55958,-3253977.649404589,-9.23905,775905187.985952,978291158.656298,1000000000.0,11.25,-99.63377,2022-03-04T05:12:18.707Z,0.02916342,41.26579,2026-03-29T22:55:20.160Z,,2026-06-04T12:43:24.200Z,29.7716970559766,-23.988581829826735,breakout,0.9963,False,False,False,low,-3.6263500000000004,,False,False,1.0922862930370438,10_49m_range,False,"{'short_term': {'has_spike': False, 'momentum_initial': 'low', 'volume_mc_ratio': 0, 'is_candidate': False}, 'medium_term': {'persistence_days': 0, 'volume_recovery_consistent': False, 'volatility_reducing': False, 'is_emerging_leader': False}, 'long_term': {'trend_clear': False, 'sustainable_growth': False, 'consistency_score': 0, 'is_confirmed_leader': False}, 'classification': 'MONITORING'}",MONITORING,"{""should_analyze"": false, ""combined_validation"": ""NOT_APPLICABLE""}",False,0.0,False,Other,0.0,none,-0.1585,False,Ratio em queda — sem acumulação,10_49m_range,1.5,0,0.9,12,0,0,0,20260511,0,0,False,False,NOT_APPLICABLE,False,
pha,pha,PHALA,https://coin-images.coingecko.com/coins/images/12451/large/phala.png?1696512270,0.03450664,28947510,669,34481127,29267118,0.03962365,0.03326202,-0.003432678418526,-9.04781,-2911073.1723516732,-9.13748,839517503.0601566,1000000000.0,1000000000.0,1.39,-97.52106,2021-05-15T04:20:32.741Z,0.02120268,62.58992,2026-03-01T20:41:27.308Z,,2026-06-04T12:43:23.652Z,4.590960626889496,-15.405009341441481,breakout,0.9752,False,False,False,low,-4.11458,,False,False,1.0110409496360826,10_49m_range,False,"{'short_term': {'has_spike': False, 'momentum_initial': 'low', 'volume_mc_ratio': 0, 'is_candidate': False}, 'medium_term': {'persistence_days': 0, 'volume_recovery_consistent': False, 'volatility_reducing': False, 'is_emerging_leader': False}, 'long_term': {'trend_clear': False, 'sustainable_growth': False, 'consistency_score': 0, 'is_confirmed_leader': False}, 'classification': 'MONITORING'}",MONITORING,"{""should_analyze"": false, ""combined_validation"": ""NOT_APPLICABLE""}",False,0.0,False,Other,0.28,weak,0.0458,False,Sinal fraco: slope=0.0458,10_49m_range,1.5,0,0.9,13,0,0,0,20260510,0,0,False,False,NOT_APPLICABLE,False,
bio-protocol,bio,Bio Protocol,https://coin-images.coingecko.com/coins/images/53022/large/bio.jpg?1735011002,0.02926523,62653145,397,96972318,56063414,0.03481018,0.02813139,-0.003773561369244619,-11.42161,-8235447.351438485,-11.61745,2145029070.25,3320000000.0,3320000000.0,0.888995,-96.71104,2025-01-03T13:16:10.915Z,0.01589991,83.89212,2026-03-29T22:55:40.552Z,,2026-06-04T12:43:10.610Z,-45.48592216265484,-1.2699397246378303,strong,0.9671,False,False,False,low,-6.488379999999999,,False,False,0.8948220236988902,50m_range,False,"{'short_term': {'has_spike': False, 'momentum_initial': 'low', 'volume_mc_ratio': 0, 'is_candidate': False}, 'medium_term': {'persistence_days': 0, 'volume_recovery_consistent': False, 'volatility_reducing': False, 'is_emerging_leader': False}, 'long_term': {'trend_clear': False, 'sustainable_growth': False, 'consistency_score': 0, 'is_confirmed_leader': False}, 'classification': 'MONITORING'}",MONITORING,"{""should_analyze"": false, ""combined_validation"": ""NOT_APPLICABLE""}",False,0.0,False,Other,0.311,weak,0.0246,False,Sinal fraco: slope=0.0246,50m_range,1.0,0,0.6,5,0,0,0,20260513,0,0,False,False,NOT_APPLICABLE,False,True
kusama,ksm,Kusama,https://coin-images.coingecko.com/coins/images/9568/large/m4zRhP5e_400x400.jpg?1696509648,3.88,70916061,355,70916106,59431561,4.24,3.73,-0.34956328354559885,-8.27454,-6349903.769808412,-8.21824,18310955.87306214,18310967.62646741,,621.71,-99.37702,2021-05-18T05:04:41.858Z,0.876572,341.84731,2020-01-14T19:20:20.768Z,,2026-06-04T12:43:20.096Z,-20.678749845046593,-11.737606329036696,strong,0.9938,False,False,False,low,-3.34131,,False,False,0.83805502113266,50m_range,False,"{'short_term': {'has_spike': False, 'momentum_initial': 'low', 'volume_mc_ratio': 0, 'is_candidate': False}, 'medium_term': {'persistence_days': 0, 'volume_recovery_consistent': False, 'volatility_reducing': False, 'is_emerging_leader': False}, 'long_term': {'trend_clear': False, 'sustainable_growth': False, 'consistency_score': 0, 'is_confirmed_leader': False}, 'classification': 'MONITORING'}",MONITORING,"{""should_analyze"": false, ""combined_validation"": ""NOT_APPLICABLE""}",False,0.0,False,Other,0.0,none,0.0,False,Apenas 0 snapshots (mínimo 3),50m_range,1.0,0,0.6,6,0,0,0,20260604,0,0,False,False,NOT_APPLICABLE,False,
ondo-u-s-dollar-token,usdon,Ondo U.S. Dollar Token,https://coin-images.coingecko.com/coins/images/68688/large/usdon_160x160.png?1756268513,1.0,75329296,336,75640459,56448687,1.0,1.0,0.0,0.0,12263406.0,19.44539,75329296.3634058,75640459.34854598,,1.0,0.0,2025-08-27T08:45:01.644Z,1.0,0.0,2025-08-27T08:45:01.644Z,,2026-06-04T12:43:06.529Z,0.0,0.0,strong,0.0,False,False,False,low,4.93323,,True,False,0.7493590143202719,50m_range,False,"{'short_term': {'has_spike': False, 'momentum_initial': 'low', 'volume_mc_ratio': 0, 'is_candidate': False}, 'medium_term': {'persistence_days': 0, 'volume_recovery_consistent': False, 'volatility_reducing': False, 'is_emerging_leader': False}, 'long_term': {'trend_clear': False, 'sustainable_growth': False, 'consistency_score': 0, 'is_confirmed_leader': False}, 'classification': 'MONITORING'}",MONITORING,"{""should_analyze"": false, ""combined_validation"": ""NOT_APPLICABLE""}",False,0.0,False,Other,0.757,strong,0.0583,True,"Acumulação silenciosa: slope=0.0583, consistência=43%",50m_range,1.0,0,0.6,7,0,0,0,20260506,0,0,False,False,NOT_APPLICABLE,True,
dogelon-mars,elon,Dogelon Mars,https://coin-images.coingecko.com/coins/images/14962/large/6GxcPRo3_400x400.jpg?1696514622,3.0798e-08,30798140,640,30798140,26862486,3.3393e-08,3.0508e-08,-2.52624585e-09,-7.58084,-2584539.6966877095,-7.74216,1000000000000000.0,1000000000000000.0,1000000000000000.0,2.59e-06,-98.81263,2021-10-30T20:39:32.727Z,1.7563e-08,75.34783,2021-04-23T06:09:26.872Z,,2026-06-04T12:43:24.170Z,-23.140497829105755,-12.014501858245643,strong,0.9881,False,False,False,low,-2.6476100000000002,,False,False,0.8722113088647561,10_49m_range,False,"{'short_term': {'has_spike': False, 'momentum_initial': 'low', 'volume_mc_ratio': 0, 'is_candidate': False}, 'medium_term': {'persistence_days': 0, 'volume_recovery_consistent': False, 'volatility_reducing': False, 'is_emerging_leader': False}, 'long_term': {'trend_clear': False, 'sustainable_growth': False, 'consistency_score': 0, 'is_confirmed_leader': False}, 'classification': 'MONITORING'}",MONITORING,"{""should_analyze"": false, ""combined_validation"": ""NOT_APPLICABLE""}",False,0.0,True,Other,0.0,none,-0.0647,False,Ratio em queda — sem acumulação,10_49m_range,1.0,0,0.6,14,0,0,0,20260507,0,0,False,False,NOT_APPLICABLE,False,
paxos-standard,usdp,Pax Dollar,https://coin-images.coingecko.com/coins/images/6013/large/Pax_Dollar.png?1696506427,0.999634,31942567,619,31942567,24451791,0.999832,0.998614,-0.000126033013661209,-0.01261,-3952.2675474770367,-0.01237,31954027.03052443,31954027.03052443,,1.18,-15.61427,2024-04-16T16:20:21.365Z,0.863529,15.76242,2021-05-19T13:14:42.046Z,"{'times': -0.0003663232206018, 'currency': 'usd', 'percentage': -0.03663232206018}",2026-06-04T12:43:27.449Z,0.023817882060266513,-0.01385890588342286,strong,0.1529,False,False,False,low,4.92062,,True,False,0.7654923600848986,10_49m_range,False,"{'short_term': {'has_spike': False, 'momentum_initial': 'low', 'volume_mc_ratio': 0, 'is_candidate': False}, 'medium_term': {'persistence_days': 0, 'volume_recovery_consistent': False, 'volatility_reducing': False, 'is_emerging_leader': False}, 'long_term': {'trend_clear': False, 'sustainable_growth': False, 'consistency_score': 0, 'is_confirmed_leader': False}, 'classification': 'MONITORING'}",MONITORING,"{""should_analyze"": false, ""combined_validation"": ""NOT_APPLICABLE""}",False,0.0,False,Other,0.489,moderate,0.0211,False,Possível acumulação: slope=0.0211,10_49m_range,1.0,0,0.6,15,0,0,0,20260502,0,0,False,False,NOT_APPLICABLE,True,
test-3,tst,Test,https://coin-images.coingecko.com/coins/images/54274/large/Test.png?1738997629,0.01629958,15301157,958,15301157,11066842,0.01631817,0.0146124,5.52e-06,0.03385,-36081.44036921859,-0.23525,942230397.1986927,942230397.1986927,1000000000.0,0.511293,-96.82182,2025-02-09T09:09:52.387Z,0.00783528,107.39262,2026-03-29T22:56:25.457Z,,2026-06-04T12:44:25.390Z,-22.941214958258804,-2.724855127954471,strong,0.9681,False,False,False,low,4.96708,,True,True,0.7232683123243556,10_49m_range,False,"{'short_term': {'has_spike': False, 'momentum_initial': 'low', 'volume_mc_ratio': 0, 'is_candidate': False}, 'medium_term': {'persistence_days': 0, 'volume_recovery_consistent': False, 'volatility_reducing': False, 'is_emerging_leader': False}, 'long_term': {'trend_clear': False, 'sustainable_growth': False, 'consistency_score': 0, 'is_confirmed_leader': False}, 'classification': 'MONITORING'}",MONITORING,"{""should_analyze"": false, ""combined_validation"": ""NOT_APPLICABLE""}",False,0.0,False,Other,0.0,none,-0.0242,False,Ratio em queda — sem acumulação,10_49m_range,1.0,0,0.6,16,0,0,0,20260506,0,0,False,False,NOT_APPLICABLE,True,
degen-base,degen,Degen,https://coin-images.coingecko.com/coins/images/34515/large/android-chrome-512x512.png?1706198225,0.00173299,63538492,388,63538492,32603052,0.00185031,0.00103817,0.00068607,65.5317,24728324.0,63.7161,36965730333.0,36965730333.0,,0.064543,-97.33089,2024-03-31T20:22:27.147Z,2.255e-05,7539.12031,2024-01-15T05:47:46.931Z,,2026-06-04T12:43:25.752Z,148.47003657256093,121.55496862939997,strong,0.9731,False,False,False,low,70.46493,,True,True,0.5131228484302083,50m_range,False,"{'short_term': {'has_spike': False, 'momentum_initial': 'low', 'volume_mc_ratio': 0, 'is_candidate': False}, 'medium_term': {'persistence_days': 0, 'volume_recovery_consistent': False, 'volatility_reducing': False, 'is_emerging_leader': False}, 'long_term': {'trend_clear': False, 'sustainable_growth': False, 'consistency_score': 0, 'is_confirmed_leader': False}, 'classification': 'MONITORING'}",MONITORING,"{""should_analyze"": false, ""combined_validation"": ""NOT_APPLICABLE""}",False,0.0,True,Other,0.0,none,-0.0708,False,Ratio em queda — sem acumulação,50m_range,0.5,0,0.3,8,0,0,0,20260514,0,0,False,False,NOT_APPLICABLE,True,
based-brett,brett,Brett,https://coin-images.coingecko.com/coins/images/35529/large/1000050750.png?1709031995,0.00587442,57912270,413,57912270,29089090,0.00655511,0.00573014,-0.000656701228910853,-10.05496,-6835676.418062955,-10.55736,9909606183.6009,9909606183.6009,9999998988.0,0.234204,-97.49183,2024-12-01T16:31:18.357Z,0.00084753,593.10288,2024-02-29T08:40:24.951Z,,2026-06-04T12:43:25.876Z,-26.097869804661265,-7.698591970430481,strong,0.9749,False,False,False,low,-5.1217299999999994,,False,False,0.5022958001818958,50m_range,False,"{'short_term': {'has_spike': False, 'momentum_initial': 'low', 'volume_mc_ratio': 0, 'is_candidate': False}, 'medium_term': {'persistence_days': 0, 'volume_recovery_consistent': False, 'volatility_reducing': False, 'is_emerging_leader': False}, 'long_term': {'trend_clear': False, 'sustainable_growth': False, 'consistency_score': 0, 'is_confirmed_leader': False}, 'classification': 'MONITORING'}",MONITORING,"{""should_analyze"": false, ""combined_validation"": ""NOT_APPLICABLE""}",False,0.0,False,Meme,0.575,moderate,0.0196,False,Possível acumulação: slope=0.0196,50m_range,0.5,0,0.3,9,0,0,0,20260510,0,0,False,False,NOT_APPLICABLE,False,
giggle-fund,giggle,Giggle Fund,https://coin-images.coingecko.com/coins/images/69414/large/giggle-fund.jpg?1758541887,27.31,27314588,692,27314588,19047100,30.87,26.2,-3.3145328079287637,-10.82151,-3349796.3941476606,-10.92406,1000000.0,1000000.0,1000000.0,274.54,-90.05692,2025-10-25T04:05:48.420Z,8.64,215.86582,2025-09-25T16:01:24.440Z,,2026-06-04T12:43:28.160Z,-23.89553645572883,-2.929837775990076,strong,0.9005,False,False,False,low,-5.88828,,False,False,0.6973233497060253,10_49m_range,False,"{'short_term': {'has_spike': False, 'momentum_initial': 'low', 'volume_mc_ratio': 0, 'is_candidate': False}, 'medium_term': {'persistence_days': 0, 'volume_recovery_consistent': False, 'volatility_reducing': False, 'is_emerging_leader': False}, 'long_term': {'trend_clear': False, 'sustainable_growth': False, 'consistency_score': 0, 'is_confirmed_leader': False}, 'classification': 'MONITORING'}",MONITORING,"{""should_analyze"": false, ""combined_validation"": ""NOT_APPLICABLE""}",False,0.0,False,Other,0.0,none,-0.0072,False,Ratio em queda — sem acumulação,10_49m_range,0.5,0,0.3,17,0,0,0,20260504,0,0,False,False,NOT_APPLICABLE,False,
stargate-finance,stg,Stargate Finance,https://coin-images.coingecko.com/coins/images/24413/large/STG_LOGO.png?1696523595,0.236951,27652387,688,27652387,18935728,0.273226,0.231216,-0.029883366873716538,-11.19922,-3461190.1197941937,-11.12437,116951766.60849673,116951766.60849673,1000000000.0,4.14,-94.28381,2022-04-02T00:00:00.000Z,0.104476,126.59295,2025-12-31T19:01:22.813Z,,2026-06-04T12:43:24.762Z,5.635530992033483,52.02832115731578,strong,0.9428,False,False,False,low,-6.26599,,False,False,0.6847773394752503,10_49m_range,False,"{'short_term': {'has_spike': False, 'momentum_initial': 'low', 'volume_mc_ratio': 0, 'is_candidate': False}, 'medium_term': {'persistence_days': 0, 'volume_recovery_consistent': False, 'volatility_reducing': False, 'is_emerging_leader': False}, 'long_term': {'trend_clear': False, 'sustainable_growth': False, 'consistency_score': 0, 'is_confirmed_leader': False}, 'classification': 'MONITORING'}",MONITORING,"{""should_analyze"": false, ""combined_validation"": ""NOT_APPLICABLE""}",False,0.0,False,Other,0.375,weak,0.046,False,Sinal fraco: slope=0.0460,10_49m_range,0.5,0,0.3,18,0,0,0,20260510,0,0,False,False,NOT_APPLICABLE,False,
cyberconnect,cyber,CYBER,https://coin-images.coingecko.com/coins/images/31274/large/token.png?1715826754,0.405375,27107503,697,40529624,18106514,0.444296,0.389948,-0.03338491676482597,-7.60893,-2214063.6833101027,-7.55097,66883183.763333336,100000000.0,100000000.0,15.79,-97.43284,2023-09-01T22:25:07.435Z,0.389948,3.93719,2026-06-04T11:20:43.361Z,,2026-06-04T12:43:25.458Z,-26.096826941927425,-6.3798504127315585,strong,0.9743,False,False,False,low,-2.6757,,False,False,0.6679521164306428,10_49m_range,False,"{'short_term': {'has_spike': False, 'momentum_initial': 'low', 'volume_mc_ratio': 0, 'is_candidate': False}, 'medium_term': {'persistence_days': 0, 'volume_recovery_consistent': False, 'volatility_reducing': False, 'is_emerging_leader': False}, 'long_term': {'trend_clear': False, 'sustainable_growth': False, 'consistency_score': 0, 'is_confirmed_leader': False}, 'classification': 'MONITORING'}",MONITORING,"{""should_analyze"": false, ""combined_validation"": ""NOT_APPLICABLE""}",False,0.0,True,Other,0.0,none,-0.0062,False,Ratio em queda — sem acumulação,10_49m_range,0.5,0,0.3,19,0,0,0,20260506,0,0,False,False,NOT_APPLICABLE,False,True
propy,pro,Propy,https://coin-images.coingecko.com/coins/images/869/large/propy-pro-logo.png?1737476645,0.295737,17101785,905,29538501,11402678,0.34118,0.292961,-0.01941187424406865,-6.15959,-1188099.8464895263,-6.49594,57896591.39105386,100000000.0,100000000.0,5.15,-94.26313,2018-01-05T00:00:00.000Z,0.0303544,873.88972,2020-03-13T02:24:40.087Z,"{'times': -0.7042628749379585, 'currency': 'usd', 'percentage': -70.42628749379585}",2026-06-04T12:44:36.720Z,-15.15921535124174,-8.954159970888535,strong,0.9426,False,False,False,low,-1.2263599999999997,,False,False,0.6667536751280642,10_49m_range,False,"{'short_term': {'has_spike': False, 'momentum_initial': 'low', 'volume_mc_ratio': 0, 'is_candidate': False}, 'medium_term': {'persistence_days': 0, 'volume_recovery_consistent': False, 'volatility_reducing': False, 'is_emerging_leader': False}, 'long_term': {'trend_clear': False, 'sustainable_growth': False, 'consistency_score': 0, 'is_confirmed_leader': False}, 'classification': 'MONITORING'}",MONITORING,"{""should_analyze"": false, ""combined_validation"": ""NOT_APPLICABLE""}",False,0.0,False,Other,0.0,none,-0.0027,False,Ratio em queda — sem acumulação,10_49m_range,0.5,0,0.3,20,0,0,0,20260507,0,0,False,False,NOT_APPLICABLE,False,True
coin98,c98,Coin98,https://coin-images.coingecko.com/coins/images/17117/large/logo.png?1696516677,0.01653457,16526223,926,16526241,10540181,0.01815495,0.0159346,-0.001544969648473612,-8.54541,-1575857.0148667693,-8.70539,999998884.0,1000000000.0,1000000000.0,6.42,-99.74275,2021-08-25T12:26:13.409Z,0.0159346,3.6378,2026-06-04T11:21:03.780Z,,2026-06-04T12:44:23.041Z,-21.052755257641937,-13.14065483331034,strong,0.9974,False,False,False,low,-3.6121800000000004,,False,False,0.6377852338069019,10_49m_range,False,"{'short_term': {'has_spike': False, 'momentum_initial': 'low', 'volume_mc_ratio': 0, 'is_candidate': False}, 'medium_term': {'persistence_days': 0, 'volume_recovery_consistent': False, 'volatility_reducing': False, 'is_emerging_leader': False}, 'long_term': {'trend_clear': False, 'sustainable_growth': False, 'consistency_score': 0, 'is_confirmed_leader': False}, 'classification': 'MONITORING'}",MONITORING,"{""should_analyze"": false, ""combined_validation"": ""NOT_APPLICABLE""}",False,0.0,True,Other,0.0,none,-0.0015,False,Ratio em queda — sem acumulação,10_49m_range,0.5,0,0.3,21,0,0,0,20260511,0,0,False,False,NOT_APPLICABLE,False,
dogs-2,dogs,Dogs,https://coin-images.coingecko.com/coins/images/39699/large/dogs_logo_200x200.png?1723687163,4.334e-05,22395749,785,23836791,14242994,4.946e-05,4.116e-05,-4.751319169554e-06,-9.8798,-2461359.7220300287,-9.90204,516750000000.0,550000000000.0,550000000000.0,0.00163299,-97.34446,2024-08-28T10:10:46.492Z,2.375e-05,82.58539,2026-02-28T12:15:13.471Z,,2026-06-04T12:44:36.451Z,-38.16550535081705,-7.000266095978105,strong,0.9735,False,False,False,low,-4.9465699999999995,,False,False,0.6359686385126034,10_49m_range,False,"{'short_term': {'has_spike': False, 'momentum_initial': 'low', 'volume_mc_ratio': 0, 'is_candidate': False}, 'medium_term': {'persistence_days': 0, 'volume_recovery_consistent': False, 'volatility_reducing': False, 'is_emerging_leader': False}, 'long_term': {'trend_clear': False, 'sustainable_growth': False, 'consistency_score': 0, 'is_confirmed_leader': False}, 'classification': 'MONITORING'}",MONITORING,"{""should_analyze"": false, ""combined_validation"": ""NOT_APPLICABLE""}",False,0.0,False,Meme,0.0,none,-0.1001,False,Ratio em queda — sem acumulação,10_49m_range,0.5,0,0.3,22,0,0,0,20260502,0,0,False,False,NOT_APPLICABLE,False,
audius,audio,Audius,https://coin-images.coingecko.com/coins/images/12913/large/audio-token-asset_2x.png?1747243328,0.01662137,23678398,752,23678398,14524168,0.01769507,0.01608349,-0.001014540097321204,-5.7527,-1498223.3254954033,-5.95085,1424863708.0,1424863708.994626,,4.95,-99.66464,2021-03-27T15:45:35.137Z,0.01608349,3.31374,2026-06-04T02:21:01.651Z,,2026-06-04T12:44:22.594Z,-18.578792427472095,-10.439890869929298,strong,0.9966,False,False,False,low,-0.8194699999999999,,False,False,0.6133931864816192,10_49m_range,False,"{'short_term': {'has_spike': False, 'momentum_initial': 'low', 'volume_mc_ratio': 0, 'is_candidate': False}, 'medium_term': {'persistence_days': 0, 'volume_recovery_consistent': False, 'volatility_reducing': False, 'is_emerging_leader': False}, 'long_term': {'trend_clear': False, 'sustainable_growth': False, 'consistency_score': 0, 'is_confirmed_leader': False}, 'classification': 'MONITORING'}",MONITORING,"{""should_analyze"": false, ""combined_validation"": ""NOT_APPLICABLE""}",False,0.0,False,Other,0.0,none,-0.0166,False,Ratio em queda — sem acumulação,10_49m_range,0.5,0,0.3,23,0,0,0,20260510,0,0,False,False,NOT_APPLICABLE,False,
metronome-synth-usd,msusd,Metronome Synth USD,https://coin-images.coingecko.com/coins/images/67504/large/metronome_msusd.png?1753015705,0.996126,25713201,718,25713201,15530024,0.998666,0.994128,0.00072908,0.07325,-4455923.657186281,-14.76981,25792573.79478918,25792573.79478918,,3.43,-70.96806,2025-10-16T10:48:38.387Z,0.427862,132.85726,2025-10-09T03:53:06.683Z,,2026-06-04T12:43:27.988Z,-0.00528698346223856,0.014296723155098215,strong,0.7096,False,False,False,low,5.00648,,True,True,0.6039708552816897,10_49m_range,False,"{'short_term': {'has_spike': False, 'momentum_initial': 'low', 'volume_mc_ratio': 0, 'is_candidate': False}, 'medium_term': {'persistence_days': 0, 'volume_recovery_consistent': False, 'volatility_reducing': False, 'is_emerging_leader': False}, 'long_term': {'trend_clear': False, 'sustainable_growth': False, 'consistency_score': 0, 'is_confirmed_leader': False}, 'classification': 'MONITORING'}",MONITORING,"{""should_analyze"": false, ""combined_validation"": ""NOT_APPLICABLE""}",False,0.0,False,Other,0.0,none,-0.2181,False,Ratio em queda — sem acumulação,10_49m_range,0.5,0,0.3,24,0,0,0,20260518,0,0,False,False,NOT_APPLICABLE,True,
aixbt,aixbt,aixbt,https://coin-images.coingecko.com/coins/images/51784/large/3.png?1731981138,0.02399886,23857190,750,23985310,13963416,0.02793347,0.0231105,-0.003309411690429549,-12.11871,-3287338.1352640353,-12.1105,994658423.1010208,1000000000.0,1000000000.0,0.942578,-97.45507,2025-01-16T11:56:02.862Z,0.01797721,33.43529,2026-02-23T01:30:43.221Z,,2026-06-04T12:43:26.769Z,-29.110530725988546,-10.582516594729208,strong,0.9745,False,False,False,low,-7.18548,,False,False,0.5852917296630492,10_49m_range,False,"{'short_term': {'has_spike': False, 'momentum_initial': 'low', 'volume_mc_ratio': 0, 'is_candidate': False}, 'medium_term': {'persistence_days': 0, 'volume_recovery_consistent': False, 'volatility_reducing': False, 'is_emerging_leader': False}, 'long_term': {'trend_clear': False, 'sustainable_growth': False, 'consistency_score': 0, 'is_confirmed_leader': False}, 'classification': 'MONITORING'}",MONITORING,"{""should_analyze"": false, ""combined_validation"": ""NOT_APPLICABLE""}",False,0.0,False,AI,0.304,weak,0.0015,False,Sinal fraco: slope=0.0015,10_49m_range,0.5,0,0.3,25,0,0,0,20260502,0,0,False,False,NOT_APPLICABLE,False,
tellor,trb,Tellor Tributes,https://coin-images.coingecko.com/coins/images/9644/large/TRB-New_Logo.png?1737722143,14.38,40169621,523,41231052,23376134,16.28,13.79,-1.6082676368905968,-10.05869,-4536843.183863513,-10.14807,2791342.362855037,2865100.026766851,,593.09,-97.57395,2023-12-31T22:15:07.200Z,0.01001379,143587.52736,2019-11-01T10:00:10.047Z,,2026-06-04T12:43:28.940Z,-27.95072753036688,-11.08795141515111,strong,0.9758,False,False,False,low,-5.12546,,False,False,0.5819356373812937,10_49m_range,False,"{'short_term': {'has_spike': False, 'momentum_initial': 'low', 'volume_mc_ratio': 0, 'is_candidate': False}, 'medium_term': {'persistence_days': 0, 'volume_recovery_consistent': False, 'volatility_reducing': False, 'is_emerging_leader': False}, 'long_term': {'trend_clear': False, 'sustainable_growth': False, 'consistency_score': 0, 'is_confirmed_leader': False}, 'classification': 'MONITORING'}",MONITORING,"{""should_analyze"": false, ""combined_validation"": ""NOT_APPLICABLE""}",False,0.0,True,Other,0.306,weak,0.002,False,Sinal fraco: slope=0.0020,10_49m_range,0.5,0,0.3,26,0,0,0,20260509,0,0,False,False,NOT_APPLICABLE,False,
edu-coin,edu,Open Campus,https://coin-images.coingecko.com/coins/images/29948/large/EDU_Logo.png?1696528874,0.03618401,27960976,682,36096468,16092242,0.04373665,0.0349981,-0.007194381247715979,-16.58517,-5667543.320515931,-16.85338,774618056.0,1000000000.0,1000000000.0,1.67,-97.84283,2023-04-29T08:05:57.583Z,0.0349981,3.20306,2026-06-04T09:40:42.709Z,,2026-06-04T12:43:29.378Z,-21.39666756119603,-15.901321049357414,strong,0.9783,False,False,False,low,-11.651940000000002,,False,False,0.5755250460498946,10_49m_range,False,"{'short_term': {'has_spike': False, 'momentum_initial': 'low', 'volume_mc_ratio': 0, 'is_candidate': False}, 'medium_term': {'persistence_days': 0, 'volume_recovery_consistent': False, 'volatility_reducing': False, 'is_emerging_leader': False}, 'long_term': {'trend_clear': False, 'sustainable_growth': False, 'consistency_score': 0, 'is_confirmed_leader': False}, 'classification': 'MONITORING'}",MONITORING,"{""should_analyze"": false, ""combined_validation"": ""NOT_APPLICABLE""}",False,0.0,True,Other,0.0,none,-0.0136,False,Ratio em queda — sem acumulação,10_49m_range,0.5,0,0.3,27,0,0,0,20260502,0,0,False,False,NOT_APPLICABLE,False,
neiro-3,neiro,Neiro,https://coin-images.coingecko.com/coins/images/39488/large/neiro.jpg?1731449567,7.161e-05,30112768,654,30112768,16943329,7.822e-05,6.865e-05,-5.885967545661e-06,-7.59548,-2497957.9576915503,-7.65993,420690000000.0,420690000000.0,420690000000.0,0.00301761,-97.62832,2024-11-12T08:05:49.038Z,2.44e-06,2835.01929,2024-08-01T07:00:23.692Z,,2026-06-04T12:43:29.602Z,-30.23359987254932,-9.285972884253937,strong,0.9763,False,False,False,low,-2.6622500000000002,,False,False,0.5626626220478967,10_49m_range,False,"{'short_term': {'has_spike': False, 'momentum_initial': 'low', 'volume_mc_ratio': 0, 'is_candidate': False}, 'medium_term': {'persistence_days': 0, 'volume_recovery_consistent': False, 'volatility_reducing': False, 'is_emerging_leader': False}, 'long_term': {'trend_clear': False, 'sustainable_growth': False, 'consistency_score': 0, 'is_confirmed_leader': False}, 'classification': 'MONITORING'}",MONITORING,"{""should_analyze"": false, ""combined_validation"": ""NOT_APPLICABLE""}",False,0.0,False,Meme,0.0,none,-0.0127,False,Ratio em queda — sem acumulação,10_49m_range,0.5,0,0.3,28,0,0,0,20260502,0,0,False,False,NOT_APPLICABLE,False,
biconomy,bico,Biconomy,https://coin-images.coingecko.com/coins/images/21061/large/biconomy_logo.jpg?1696520444,0.02094659,15040578,963,20946431,8442020,0.02331782,0.020239,-0.002251365928959678,-9.70502,-1616896.9743406214,-9.70674,718049656.9789356,1000000000.0,1000000000.0,21.45,-99.90236,2021-12-02T02:18:45.254Z,0.01846859,13.39003,2026-03-08T16:55:22.839Z,,2026-06-04T12:44:23.115Z,-14.463336115077304,-9.216084698656454,strong,0.999,False,False,False,low,-4.771789999999999,,False,False,0.5612829506951129,10_49m_range,False,"{'short_term': {'has_spike': False, 'momentum_initial': 'low', 'volume_mc_ratio': 0, 'is_candidate': False}, 'medium_term': {'persistence_days': 0, 'volume_recovery_consistent': False, 'volatility_reducing': False, 'is_emerging_leader': False}, 'long_term': {'trend_clear': False, 'sustainable_growth': False, 'consistency_score': 0, 'is_confirmed_leader': False}, 'classification': 'MONITORING'}",MONITORING,"{""should_analyze"": false, ""combined_validation"": ""NOT_APPLICABLE""}",False,0.0,True,Other,0.368,weak,0.0052,False,Sinal fraco: slope=0.0052,10_49m_range,0.5,0,0.3,29,0,0,0,20260506,0,0,False,False,NOT_APPLICABLE,False,True
aevo-exchange,aevo,Aevo,https://coin-images.coingecko.com/coins/images/35893/large/aevo.png?1710138340,0.021633,19840278,844,21632854,11053526,0.02361455,0.02071841,-0.001576787358145992,-6.79363,-1418070.9698825367,-6.67065,917136420.1666862,1000000000.0,1000000000.0,3.76,-99.425,2024-03-28T00:05:46.673Z,0.02071841,4.25165,2026-06-04T11:16:05.396Z,,2026-06-04T12:44:31.409Z,-22.663809775635613,-4.720415866432674,strong,0.9942,False,False,False,low,-1.8604000000000003,,False,False,0.5571255604382156,10_49m_range,False,"{'short_term': {'has_spike': False, 'momentum_initial': 'low', 'volume_mc_ratio': 0, 'is_candidate': False}, 'medium_term': {'persistence_days': 0, 'volume_recovery_consistent': False, 'volatility_reducing': False, 'is_emerging_leader': False}, 'long_term': {'trend_clear': False, 'sustainable_growth': False, 'consistency_score': 0, 'is_confirmed_leader': False}, 'classification': 'MONITORING'}",MONITORING,"{""should_analyze"": false, ""combined_validation"": ""NOT_APPLICABLE""}",False,0.0,False,Other,0.0,none,-0.0055,False,Ratio em queda — sem acumulação,10_49m_range,0.5,0,0.3,30,0,0,0,20260510,0,0,False,False,NOT_APPLICABLE,False,
liquity,lqty,Liquity,https://coin-images.coingecko.com/coins/images/14665/large/logo_V2.png?1725437146,0.236823,23431769,757,23735011,12873440,0.270476,0.22863,-0.03153593188849488,-11.75141,-2987023.502729278,-11.30643,98722384.47381113,100000000.0,100000000.0,146.94,-99.83849,2021-04-05T21:48:37.754Z,0.22863,3.80203,2026-06-04T11:40:42.193Z,,2026-06-04T12:44:22.667Z,-23.790807439052834,1.1808806663111238,strong,0.9984,False,False,False,low,-6.81818,,False,False,0.5494011143588861,10_49m_range,False,"{'short_term': {'has_spike': False, 'momentum_initial': 'low', 'volume_mc_ratio': 0, 'is_candidate': False}, 'medium_term': {'persistence_days': 0, 'volume_recovery_consistent': False, 'volatility_reducing': False, 'is_emerging_leader': False}, 'long_term': {'trend_clear': False, 'sustainable_growth': False, 'consistency_score': 0, 'is_confirmed_leader': False}, 'classification': 'MONITORING'}",MONITORING,"{""should_analyze"": false, ""combined_validation"": ""NOT_APPLICABLE""}",False,0.0,False,Other,0.751,strong,0.0419,True,"Acumulação silenciosa: slope=0.0419, consistência=60%",10_49m_range,0.5,0,0.3,31,0,0,0,20260517,0,0,False,False,NOT_APPLICABLE,False,
stepn,gmt,GMT,https://coin-images.coingecko.com/coins/images/23597/large/token-gmt-200x200.png?1703153841,0.00907045,28150922,678,45906522,15441366,0.01098508,0.00873095,-0.00182509264394745,-16.75082,-5645640.616007112,-16.70478,3111400155.0,5073850155.102167,6000000000.0,4.11,-99.77938,2022-04-28T03:29:53.820Z,0.00873095,3.78823,2026-06-04T11:16:04.454Z,,2026-06-04T12:43:24.722Z,-16.620282748457488,-10.263513024003398,strong,0.9978,False,False,False,low,-11.817590000000001,,False,False,0.5485207908998505,10_49m_range,False,"{'short_term': {'has_spike': False, 'momentum_initial': 'low', 'volume_mc_ratio': 0, 'is_candidate': False}, 'medium_term': {'persistence_days': 0, 'volume_recovery_consistent': False, 'volatility_reducing': False, 'is_emerging_leader': False}, 'long_term': {'trend_clear': False, 'sustainable_growth': False, 'consistency_score': 0, 'is_confirmed_leader': False}, 'classification': 'MONITORING'}",MONITORING,"{""should_analyze"": false, ""combined_validation"": ""NOT_APPLICABLE""}",False,0.0,False,Other,0.083,none,0.0069,False,"Spike detectado — possível pump, não acumulação gradual",10_49m_range,0.5,0,0.3,32,0,0,0,20260506,0,0,False,False,NOT_APPLICABLE,False,True
renzo,rez,Renzo,https://coin-images.coingecko.com/coins/images/37327/large/renzo_200x200.png?1714025012,0.00352663,30362485,652,34581436,16486212,0.00384467,0.00340753,-0.000292164411709554,-7.6507,-2541638.548745606,-7.72438,8617239876.655636,9814629224.12962,10000000000.0,0.278213,-98.73319,2024-04-30T11:50:54.665Z,0.00265163,32.91552,2026-02-28T10:11:14.983Z,,2026-06-04T12:43:26.018Z,-34.29171828693527,-11.018737788638083,strong,0.9873,False,False,False,low,-2.7174699999999996,,False,False,0.5429796671780982,10_49m_range,False,"{'short_term': {'has_spike': False, 'momentum_initial': 'low', 'volume_mc_ratio': 0, 'is_candidate': False}, 'medium_term': {'persistence_days': 0, 'volume_recovery_consistent': False, 'volatility_reducing': False, 'is_emerging_leader': False}, 'long_term': {'trend_clear': False, 'sustainable_growth': False, 'consistency_score': 0, 'is_confirmed_leader': False}, 'classification': 'MONITORING'}",MONITORING,"{""should_analyze"": false, ""combined_validation"": ""NOT_APPLICABLE""}",False,0.0,False,DeFi,0.407,moderate,0.0095,False,Possível acumulação: slope=0.0095,10_49m_range,0.5,0,0.3,33,0,0,0,20260502,0,0,False,False,NOT_APPLICABLE,False,
iostoken,iost,IOST,https://coin-images.coingecko.com/coins/images/2523/large/IOST.png?1696503337,0.00090403,30201507,651,30201507,15917468,0.00098654,0.00087884,-7.8859104655817e-05,-8.02322,-2644546.6849998273,-8.05134,33436210855.0,33436210855.0,90000000000.0,0.129829,-99.30403,2018-01-24T00:00:00.000Z,0.00087884,2.81302,2026-06-04T11:16:17.658Z,,2026-06-04T12:43:24.827Z,-16.673282514285404,-8.114128434355381,strong,0.993,False,False,False,low,-3.0899900000000002,,False,False,0.5270421770675219,10_49m_range,False,"{'short_term': {'has_spike': False, 'momentum_initial': 'low', 'volume_mc_ratio': 0, 'is_candidate': False}, 'medium_term': {'persistence_days': 0, 'volume_recovery_consistent': False, 'volatility_reducing': False, 'is_emerging_leader': False}, 'long_term': {'trend_clear': False, 'sustainable_growth': False, 'consistency_score': 0, 'is_confirmed_leader': False}, 'classification': 'MONITORING'}",MONITORING,"{""should_analyze"": false, ""combined_validation"": ""NOT_APPLICABLE""}",False,0.0,False,Other,0.0,none,0.0,False,Apenas 1 snapshots (mínimo 3),10_49m_range,0.5,0,0.3,34,0,0,0,20260507,0,0,False,False,NOT_APPLICABLE,False,
adventure-gold,agld,Adventure Gold,https://coin-images.coingecko.com/coins/images/18125/large/lpgblc4h_400x400.jpg?1696517628,0.223142,19453470,849,20654988,10201086,0.232761,0.211473,-0.006842360868733272,-2.97514,-652847.61779337,-3.24698,87430001.0,92830001.0,96000000.0,7.7,-97.11241,2021-09-03T11:41:40.240Z,0.178306,24.73563,2026-02-06T00:22:15.894Z,,2026-06-04T12:44:22.897Z,-13.03737705004596,4.93076324179937,strong,0.971,False,False,False,low,1.9580899999999999,,False,False,0.5243838759871632,10_49m_range,False,"{'short_term': {'has_spike': False, 'momentum_initial': 'low', 'volume_mc_ratio': 0, 'is_candidate': False}, 'medium_term': {'persistence_days': 0, 'volume_recovery_consistent': False, 'volatility_reducing': False, 'is_emerging_leader': False}, 'long_term': {'trend_clear': False, 'sustainable_growth': False, 'consistency_score': 0, 'is_confirmed_leader': False}, 'classification': 'MONITORING'}",MONITORING,"{""should_analyze"": false, ""combined_validation"": ""NOT_APPLICABLE""}",False,0.0,False,Other,0.607,strong,0.0276,True,"Acumulação silenciosa: slope=0.0276, consistência=36%",10_49m_range,0.5,0,0.3,35,0,0,0,20260511,0,0,False,False,NOT_APPLICABLE,False,
wormhole,w,Wormhole,https://coin-images.coingecko.com/coins/images/35087/large/W_Token_%283%29.png?1758122686,0.01107216,65943074,373,110698961,32061372,0.01358412,0.01071374,-0.002015895548118894,-15.40256,-12137113.725173436,-15.54442,5956973157.0,10000000000.0,10000000000.0,1.66,-99.33211,2024-04-03T11:46:35.308Z,0.01071374,3.34156,2026-06-04T11:20:43.985Z,,2026-06-04T12:43:04.041Z,-18.949921752599884,-1.3246938329875513,early_accumulation,0.9933,False,False,False,low,-10.46933,,False,False,0.48619771653350585,50m_range,False,"{'short_term': {'has_spike': False, 'momentum_initial': 'low', 'volume_mc_ratio': 0, 'is_candidate': False}, 'medium_term': {'persistence_days': 0, 'volume_recovery_consistent': False, 'volatility_reducing': False, 'is_emerging_leader': False}, 'long_term': {'trend_clear': False, 'sustainable_growth': False, 'consistency_score': 0, 'is_confirmed_leader': False}, 'classification': 'MONITORING'}",MONITORING,"{""should_analyze"": false, ""combined_validation"": ""NOT_APPLICABLE""}",False,0.0,False,Other,0.0,none,-0.0036,False,Ratio em queda — sem acumulação,50m_range,0.0,0,0.0,10,0,0,0,20260509,0,0,False,False,NOT_APPLICABLE,False,True
ordinals,ordi,ORDI,https://coin-images.coingecko.com/coins/images/30162/large/ordi.png?1696529082,3.37,70893524,357,70893524,31341267,3.76,3.2,-0.30118510774669316,-8.19726,-6303063.138346612,-8.16495,21000000.0,21000000.0,,95.52,-96.46677,2024-03-05T01:45:22.816Z,2.12,59.11815,2026-03-29T22:55:07.807Z,,2026-06-04T12:43:25.357Z,-33.41066013383155,-1.4714203025978312,early_accumulation,0.9647,False,False,False,low,-3.26403,,False,False,0.44208928025640254,50m_range,False,"{'short_term': {'has_spike': False, 'momentum_initial': 'low', 'volume_mc_ratio': 0, 'is_candidate': False}, 'medium_term': {'persistence_days': 0, 'volume_recovery_consistent': False, 'volatility_reducing': False, 'is_emerging_leader': False}, 'long_term': {'trend_clear': False, 'sustainable_growth': False, 'consistency_score': 0, 'is_confirmed_leader': False}, 'classification': 'MONITORING'}",MONITORING,"{""should_analyze"": false, ""combined_validation"": ""NOT_APPLICABLE""}",False,0.0,False,Other,0.587,moderate,0.0187,False,Possível acumulação: slope=0.0187,50m_range,0.0,0,0.0,11,0,0,0,20260512,0,0,False,False,NOT_APPLICABLE,False,
zetachain,zeta,ZetaChain,https://coin-images.coingecko.com/coins/images/26718/large/Twitter_icon.png?1696525788,0.04194399,61224882,401,87992246,23787622,0.04784236,0.04039917,-0.005775174991162639,-12.10242,-8501539.661442116,-12.19271,1461177083.0,2100000000.0,2100000000.0,2.85,-98.53154,2024-02-15T20:45:12.099Z,0.04039917,3.72096,2026-06-04T11:15:29.873Z,,2026-06-04T12:43:24.943Z,-30.08698161895134,-8.662878655033287,early_accumulation,0.9853,False,False,False,low,-7.16919,,False,False,0.3885286704186706,50m_range,False,"{'short_term': {'has_spike': False, 'momentum_initial': 'low', 'volume_mc_ratio': 0, 'is_candidate': False}, 'medium_term': {'persistence_days': 0, 'volume_recovery_consistent': False, 'volatility_reducing': False, 'is_emerging_leader': False}, 'long_term': {'trend_clear': False, 'sustainable_growth': False, 'consistency_score': 0, 'is_confirmed_leader': False}, 'classification': 'MONITORING'}",MONITORING,"{""should_analyze"": false, ""combined_validation"": ""NOT_APPLICABLE""}",False,0.0,False,Other,0.0,none,0.0,False,Apenas 0 snapshots (mínimo 3),50m_range,0.0,0,0.0,12,0,0,0,20260604,0,0,False,False,NOT_APPLICABLE,False,True
qtum,qtum,Qtum,https://coin-images.coingecko.com/coins/images/684/large/Qtum_Logo_blue_CG.png?1696501874,0.773988,82046776,311,83427196,31479028,0.831777,0.752968,-0.050791014086411734,-6.15814,-5661585.42652683,-6.45501,106038332.75,107822406.0,,100.22,-99.22796,2018-01-06T00:00:00.000Z,0.752968,2.76227,2026-06-04T11:15:28.041Z,"{'times': 1.5799584156856974, 'currency': 'usd', 'percentage': 157.99584156856974}",2026-06-04T12:43:22.705Z,-13.145863106654462,-8.756183665874822,early_accumulation,0.9923,False,False,False,low,-1.2249100000000004,,False,False,0.3836717240419051,50m_range,False,"{'short_term': {'has_spike': False, 'momentum_initial': 'low', 'volume_mc_ratio': 0, 'is_candidate': False}, 'medium_term': {'persistence_days': 0, 'volume_recovery_consistent': False, 'volatility_reducing': False, 'is_emerging_leader': False}, 'long_term': {'trend_clear': False, 'sustainable_growth': False, 'consistency_score': 0, 'is_confirmed_leader': False}, 'classification': 'MONITORING'}",MONITORING,"{""should_analyze"": false, ""combined_validation"": ""NOT_APPLICABLE""}",False,0.0,False,Other,0.0,none,0.0,False,Apenas 0 snapshots (mínimo 3),50m_range,0.0,0,0.0,13,0,0,0,20260604,0,0,False,False,NOT_APPLICABLE,False,
useless-3,useless,Useless Coin,https://coin-images.coingecko.com/coins/images/55684/large/coingeckoupdate.png?1755203747,0.078745,78575531,326,78575531,30096680,0.108775,0.076559,-0.020927940556834446,-20.99666,-21253536.7048907,-21.28993,999940362.02,999940362.02,1000000000.0,0.434591,-81.89616,2025-10-14T14:50:41.608Z,0.00519952,1413.17118,2025-06-05T11:05:59.234Z,,2026-06-04T12:43:18.716Z,80.88725918958248,15.947893728689195,early_accumulation,0.8188,False,False,False,low,-16.063429999999997,,False,False,0.3830286555747234,50m_range,False,"{'short_term': {'has_spike': False, 'momentum_initial': 'low', 'volume_mc_ratio': 0, 'is_candidate': False}, 'medium_term': {'persistence_days': 0, 'volume_recovery_consistent': False, 'volatility_reducing': False, 'is_emerging_leader': False}, 'long_term': {'trend_clear': False, 'sustainable_growth': False, 'consistency_score': 0, 'is_confirmed_leader': False}, 'classification': 'MONITORING'}",MONITORING,"{""should_analyze"": false, ""combined_validation"": ""NOT_APPLICABLE""}",False,0.0,False,Other,0.0,none,-0.014,False,Ratio em queda — sem acumulação,50m_range,0.0,0,0.0,14,0,0,0,20260506,0,0,False,False,NOT_APPLICABLE,False,
grx-chain,grx,GRX Chain,https://coin-images.coingecko.com/coins/images/71011/large/Untitled_design_%283%29.png?1765178472,9.54,90716350,289,95347765,29976560,,,,,,,9512395.0,9998039.0,10000000.0,13.26,-28.081,2026-02-26T22:25:48.793Z,0.868057,998.62036,2026-02-14T17:00:45.524Z,,2026-06-03T12:31:30.837Z,-0.8921072565955184,3.3389182260472,early_accumulation,0.2805,False,False,False,low,,,False,False,0.3304427481925805,50m_range,False,"{'short_term': {'has_spike': False, 'momentum_initial': 'low', 'volume_mc_ratio': 0, 'is_candidate': False}, 'medium_term': {'persistence_days': 0, 'volume_recovery_consistent': False, 'volatility_reducing': False, 'is_emerging_leader': False}, 'long_term': {'trend_clear': False, 'sustainable_growth': False, 'consistency_score': 0, 'is_confirmed_leader': False}, 'classification': 'MONITORING'}",MONITORING,"{""should_analyze"": false, ""combined_validation"": ""NOT_APPLICABLE""}",False,0.0,False,Other,0.314,weak,0.0019,False,Sinal fraco: slope=0.0019,50m_range,0.0,0,0.0,15,0,0,0,20260509,0,0,False,False,NOT_APPLICABLE,False,
nervos-network,ckb,Nervos Network,https://coin-images.coingecko.com/coins/images/9566/large/Nervos_White.png?1696509646,0.00114194,55814480,429,56738584,18432960,0.00124184,0.00110334,-8.5058532853734e-05,-6.93226,-4252652.304254636,-7.07983,48890116486.81215,49699576346.07149,,0.04370633,-97.38775,2021-03-31T17:08:59.155Z,0.00110334,3.47814,2026-06-04T11:15:51.291Z,"{'times': -0.8858063669742364, 'currency': 'usd', 'percentage': -88.58063669742364}",2026-06-04T12:43:23.570Z,-25.429180499770332,-8.171323143790739,early_accumulation,0.9739,False,False,False,low,-1.9990300000000003,,False,False,0.33025408460313527,50m_range,False,"{'short_term': {'has_spike': False, 'momentum_initial': 'low', 'volume_mc_ratio': 0, 'is_candidate': False}, 'medium_term': {'persistence_days': 0, 'volume_recovery_consistent': False, 'volatility_reducing': False, 'is_emerging_leader': False}, 'long_term': {'trend_clear': False, 'sustainable_growth': False, 'consistency_score': 0, 'is_confirmed_leader': False}, 'classification': 'MONITORING'}",MONITORING,"{""should_analyze"": false, ""combined_validation"": ""NOT_APPLICABLE""}",False,0.0,False,Other,0.0,none,0.0,False,Apenas 0 snapshots (mínimo 3),50m_range,0.0,0,0.0,16,0,0,0,20260604,0,0,False,False,NOT_APPLICABLE,False,
arkham,arkm,Arkham,https://coin-images.coingecko.com/coins/images/30929/large/Arkham_Logo_CG.png?1696529771,0.133981,85827261,295,133930073,22908956,0.154542,0.128935,-0.014542530418217514,-9.79142,-9385997.428975418,-9.85787,640836360.0,1000000000.0,1000000000.0,3.98,-96.63131,2024-03-10T00:04:54.733Z,0.091695,46.07292,2026-04-05T17:12:39.193Z,,2026-06-04T12:43:25.436Z,9.842198019743373,0.8934297174131236,early_accumulation,0.9663,False,False,False,low,-4.8581900000000005,,False,False,0.266919341629695,50m_range,False,"{'short_term': {'has_spike': False, 'momentum_initial': 'low', 'volume_mc_ratio': 0, 'is_candidate': False}, 'medium_term': {'persistence_days': 0, 'volume_recovery_consistent': False, 'volatility_reducing': False, 'is_emerging_leader': False}, 'long_term': {'trend_clear': False, 'sustainable_growth': False, 'consistency_score': 0, 'is_confirmed_leader': False}, 'classification': 'MONITORING'}",MONITORING,"{""should_analyze"": false, ""combined_validation"": ""NOT_APPLICABLE""}",False,0.0,False,AI,0.0,none,-0.0114,False,Ratio em queda — sem acumulação,50m_range,0.0,0,0.0,17,0,0,0,20260513,0,0,False,False,NOT_APPLICABLE,False,True
plume,plume,Plume,https://coin-images.coingecko.com/coins/images/53623/large/plume-token.png?1736896935,0.01191603,68399726,366,118797420,17621253,0.01357482,0.0113316,-0.001297114559613146,-9.81685,-7401094.185537621,-9.76387,5757677709.0,10000000000.0,10000000000.0,0.247537,-95.20009,2025-03-19T22:25:55.148Z,0.00854877,38.98534,2026-02-28T10:16:31.882Z,,2026-06-04T12:43:21.468Z,-0.13374309384515493,-3.489904247364518,early_accumulation,0.9519,False,False,False,low,-4.8836200000000005,,False,False,0.257621689888056,50m_range,False,"{'short_term': {'has_spike': False, 'momentum_initial': 'low', 'volume_mc_ratio': 0, 'is_candidate': False}, 'medium_term': {'persistence_days': 0, 'volume_recovery_consistent': False, 'volatility_reducing': False, 'is_emerging_leader': False}, 'long_term': {'trend_clear': False, 'sustainable_growth': False, 'consistency_score': 0, 'is_confirmed_leader': False}, 'classification': 'MONITORING'}",MONITORING,"{""should_analyze"": false, ""combined_validation"": ""NOT_APPLICABLE""}",False,0.0,False,Other,0.0,none,-0.0397,False,Ratio em queda — sem acumulação,50m_range,0.0,0,0.0,18,0,0,0,20260523,0,0,False,False,NOT_APPLICABLE,False,True
comedian,ban,Comedian,https://coin-images.coingecko.com/coins/images/51100/large/ban.jpg?1730085215,0.075699,75225575,335,75225575,19180912,0.075775,0.068847,0.00173607,2.34721,1403779.0,1.90158,999961859.27,999961859.27,1000000000.0,0.37799,-79.98125,2024-11-18T09:35:57.385Z,0.00929085,714.445,2024-10-29T04:34:36.529Z,,2026-06-04T12:43:04.732Z,-0.5351589489346558,-3.6999234619048327,early_accumulation,0.7997,False,False,False,low,7.2804400000000005,,True,True,0.25497860268931144,50m_range,False,"{'short_term': {'has_spike': False, 'momentum_initial': 'low', 'volume_mc_ratio': 0, 'is_candidate': False}, 'medium_term': {'persistence_days': 0, 'volume_recovery_consistent': False, 'volatility_reducing': False, 'is_emerging_leader': False}, 'long_term': {'trend_clear': False, 'sustainable_growth': False, 'consistency_score': 0, 'is_confirmed_leader': False}, 'classification': 'MONITORING'}",MONITORING,"{""should_analyze"": false, ""combined_validation"": ""NOT_APPLICABLE""}",False,0.0,False,Other,0.0,none,0.0,False,Apenas 0 snapshots (mínimo 3),50m_range,0.0,0,0.0,19,0,0,0,20260604,0,0,False,False,NOT_APPLICABLE,True,
orca,orca,Orca,https://coin-images.coingecko.com/coins/images/17547/large/Orca_Logo.png?1696517083,1.13,68790415,362,84857788,17480861,1.17,1.061,-0.034478381978409356,-2.95672,-2264059.3047867566,-3.18637,60798786.710592,74999555.047731,100000000.0,20.33,-94.4351,2021-10-02T20:14:11.766Z,0.351125,222.24005,2022-06-19T19:34:08.830Z,,2026-06-04T12:43:24.424Z,-33.08852963500516,-10.32508257821705,early_accumulation,0.9444,False,False,False,low,1.9765100000000002,,False,False,0.2541176848547868,50m_range,False,"{'short_term': {'has_spike': False, 'momentum_initial': 'low', 'volume_mc_ratio': 0, 'is_candidate': False}, 'medium_term': {'persistence_days': 0, 'volume_recovery_consistent': False, 'volatility_reducing': False, 'is_emerging_leader': False}, 'long_term': {'trend_clear': False, 'sustainable_growth': False, 'consistency_score': 0, 'is_confirmed_leader': False}, 'classification': 'MONITORING'}",MONITORING,"{""should_analyze"": false, ""combined_validation"": ""NOT_APPLICABLE""}",False,0.0,False,Other,0.0,none,-0.0498,False,Ratio em queda — sem acumulação,50m_range,0.0,0,0.0,20,0,0,0,20260512,0,0,False,False,NOT_APPLICABLE,False,
turbo,turbo,Turbo,https://coin-images.coingecko.com/coins/images/30117/large/TurboMark-QL_200.png?1708079597,0.00094914,65504145,376,65504145,16620339,0.00103705,0.00090818,-6.9646939414987e-05,-6.83623,-4791143.257544018,-6.81574,69000000000.0,69000000000.0,69000000000.0,0.01431669,-93.36938,2024-12-11T21:52:05.500Z,6.518e-05,1356.42356,2023-09-26T21:46:54.834Z,,2026-06-04T12:43:25.435Z,-28.482057699359565,-7.18096116427695,early_accumulation,0.9337,False,False,False,low,-1.9029999999999996,,False,False,0.25372957696035875,50m_range,False,"{'short_term': {'has_spike': False, 'momentum_initial': 'low', 'volume_mc_ratio': 0, 'is_candidate': False}, 'medium_term': {'persistence_days': 0, 'volume_recovery_consistent': False, 'volatility_reducing': False, 'is_emerging_leader': False}, 'long_term': {'trend_clear': False, 'sustainable_growth': False, 'consistency_score': 0, 'is_confirmed_leader': False}, 'classification': 'MONITORING'}",MONITORING,"{""should_analyze"": false, ""combined_validation"": ""NOT_APPLICABLE""}",False,0.035056973282044025,False,Meme,0.0,none,0.0,False,Apenas 2 snapshots (mínimo 3),50m_range,0.0,0,0.0,21,0,0,0,20260513,0,0,False,False,NOT_APPLICABLE,False,
zencash,zen,Horizen,https://coin-images.coingecko.com/coins/images/691/large/Horizen2.0-logo_icon-on-yellow_%281%29.png?1751696763,5.18,93601985,284,108590992,20915848,5.58,4.97,-0.3639488969017233,-6.56922,-6639789.791451797,-6.62378,18101332.87278685,21000000.0,21000000.0,165.92,-96.88245,2021-05-08T06:00:30.087Z,3.26,58.44846,2019-10-17T00:00:00.000Z,,2026-06-04T12:43:25.560Z,-24.915208320504124,-7.89182746390489,early_accumulation,0.9688,False,False,False,low,-1.6359899999999996,,False,False,0.22345517565679832,50m_range,False,"{'short_term': {'has_spike': False, 'momentum_initial': 'low', 'volume_mc_ratio': 0, 'is_candidate': False}, 'medium_term': {'persistence_days': 0, 'volume_recovery_consistent': False, 'volatility_reducing': False, 'is_emerging_leader': False}, 'long_term': {'trend_clear': False, 'sustainable_growth': False, 'consistency_score': 0, 'is_confirmed_leader': False}, 'classification': 'MONITORING'}",MONITORING,"{""should_analyze"": false, ""combined_validation"": ""NOT_APPLICABLE""}",False,0.0,False,Other,0.0,none,0.0,False,Apenas 0 snapshots (mínimo 3),50m_range,0.0,0,0.0,22,0,0,0,20260604,0,0,False,False,NOT_APPLICABLE,False,
beam-2,beam,Beam,https://coin-images.coingecko.com/coins/images/32417/large/cgicon.png?1747892021,0.00147321,75605746,338,86172827,16364777,0.00163628,0.00142862,-0.000157571843274123,-9.66236,-8036094.919880375,-9.60775,51300184687.0,58470184687.0,58470184687.0,0.04416304,-96.66317,2024-03-10T10:40:22.381Z,0.00142862,3.15191,2026-06-04T11:45:42.971Z,,2026-06-04T12:43:25.473Z,-24.93339349285707,-10.959020342336936,early_accumulation,0.9666,False,False,False,low,-4.72913,,False,False,0.21644885297474611,50m_range,False,"{'short_term': {'has_spike': False, 'momentum_initial': 'low', 'volume_mc_ratio': 0, 'is_candidate': False}, 'medium_term': {'persistence_days': 0, 'volume_recovery_consistent': False, 'volatility_reducing': False, 'is_emerging_leader': False}, 'long_term': {'trend_clear': False, 'sustainable_growth': False, 'consistency_score': 0, 'is_confirmed_leader': False}, 'classification': 'MONITORING'}",MONITORING,"{""should_analyze"": false, ""combined_validation"": ""NOT_APPLICABLE""}",False,0.0,False,Gaming,0.0,none,0.0,False,Apenas 0 snapshots (mínimo 3),50m_range,0.0,0,0.0,23,0,0,0,20260604,0,0,False,False,NOT_APPLICABLE,False,
dusk-network,dusk,DUSK,https://coin-images.coingecko.com/coins/images/5217/large/image_widget_biddfvxd454b1.png?1696505726,0.101971,59956172,403,59956876,12770909,0.115751,0.097172,-0.013323549121944209,-11.55606,-7724534.789565906,-11.4132,587257860.4452055,587264750.7102994,1000000000.0,1.09,-90.63336,2021-12-29T21:34:22.823Z,0.01113274,817.00719,2020-03-13T02:24:16.885Z,"{'times': 1.5240440207257004, 'currency': 'usd', 'percentage': 152.40440207257004}",2026-06-04T12:43:05.002Z,-26.85314173885706,-13.334814292717592,early_accumulation,0.9064,False,False,False,low,-6.62283,,False,False,0.213004075710504,50m_range,False,"{'short_term': {'has_spike': False, 'momentum_initial': 'low', 'volume_mc_ratio': 0, 'is_candidate': False}, 'medium_term': {'persistence_days': 0, 'volume_recovery_consistent': False, 'volatility_reducing': False, 'is_emerging_leader': False}, 'long_term': {'trend_clear': False, 'sustainable_growth': False, 'consistency_score': 0, 'is_confirmed_leader': False}, 'classification': 'MONITORING'}",MONITORING,"{""should_analyze"": false, ""combined_validation"": ""NOT_APPLICABLE""}",False,0.0,False,Other,0.0,none,0.0,False,Apenas 2 snapshots (mínimo 3),50m_range,0.0,0,0.0,24,0,0,0,20260515,0,0,False,False,NOT_APPLICABLE,False,
milk-alliance,mlk,MiL.k,https://coin-images.coingecko.com/coins/images/11978/large/2.png?1696511836,0.03935,21713766,772,38692074,10558979,0.04892861,0.03826853,-0.00365923184499968,-8.50802,-2033214.2207791992,-8.56199,553475159.0,986245419.0,1300000000.0,3.59,-98.90611,2021-04-05T15:10:26.250Z,0.03826853,2.61475,2026-06-04T11:41:01.074Z,,2026-06-04T12:44:34.981Z,-24.830705697302218,-14.444885915823985,early_accumulation,0.989,False,False,False,low,-3.57479,,False,False,0.48628040847451337,10_49m_range,False,"{'short_term': {'has_spike': False, 'momentum_initial': 'low', 'volume_mc_ratio': 0, 'is_candidate': False}, 'medium_term': {'persistence_days': 0, 'volume_recovery_consistent': False, 'volatility_reducing': False, 'is_emerging_leader': False}, 'long_term': {'trend_clear': False, 'sustainable_growth': False, 'consistency_score': 0, 'is_confirmed_leader': False}, 'classification': 'MONITORING'}",MONITORING,"{""should_analyze"": false, ""combined_validation"": ""NOT_APPLICABLE""}",False,0.0,True,Other,0.0,none,-0.005,False,Ratio em queda — sem acumulação,10_49m_range,0.0,0,0.0,36,0,0,0,20260529,0,0,False,False,NOT_APPLICABLE,False,True
book-of-meme,bome,BOOK OF MEME,https://coin-images.coingecko.com/coins/images/36071/large/bome.png?1710407255,0.00044615,30791095,643,30791095,14216567,0.00050574,0.00042817,-5.2052138053704e-05,-10.44794,-3771218.0762428567,-10.91136,68999659569.0,68999659569.0,68999659569.0,0.02688878,-98.33799,2024-03-16T13:51:17.648Z,5.848e-05,664.15018,2024-03-14T10:17:29.365Z,,2026-06-04T12:43:26.061Z,-24.703096486696214,-8.573307456858743,early_accumulation,0.9834,False,False,False,low,-5.514709999999999,,False,False,0.46171034190242344,10_49m_range,False,"{'short_term': {'has_spike': False, 'momentum_initial': 'low', 'volume_mc_ratio': 0, 'is_candidate': False}, 'medium_term': {'persistence_days': 0, 'volume_recovery_consistent': False, 'volatility_reducing': False, 'is_emerging_leader': False}, 'long_term': {'trend_clear': False, 'sustainable_growth': False, 'consistency_score': 0, 'is_confirmed_leader': False}, 'classification': 'MONITORING'}",MONITORING,"{""should_analyze"": false, ""combined_validation"": ""NOT_APPLICABLE""}",False,0.0,False,Meme,0.0,none,-0.0072,False,Ratio em queda — sem acumulação,10_49m_range,0.0,0,0.0,37,0,0,0,20260502,0,0,False,False,NOT_APPLICABLE,False,
yield-guild-games,ygg,Yield Guild Games,https://coin-images.coingecko.com/coins/images/17358/large/Shield_Mark_-_Colored_-_Iridescent.png?1696516909,0.02959793,22008177,796,29593426,9829042,0.03301807,0.02848599,-0.003253393655332018,-9.90339,-2416967.388088692,-9.89541,743684676.9520156,1000000000.0,1000000000.0,11.17,-99.73519,2021-11-20T16:49:03.371Z,0.02848599,3.85322,2026-06-04T11:16:03.900Z,,2026-06-04T12:44:33.166Z,-32.09938404479354,-12.605263161593886,early_accumulation,0.9974,False,False,False,low,-4.97016,,False,False,0.446608640052286,10_49m_range,False,"{'short_term': {'has_spike': False, 'momentum_initial': 'low', 'volume_mc_ratio': 0, 'is_candidate': False}, 'medium_term': {'persistence_days': 0, 'volume_recovery_consistent': False, 'volatility_reducing': False, 'is_emerging_leader': False}, 'long_term': {'trend_clear': False, 'sustainable_growth': False, 'consistency_score': 0, 'is_confirmed_leader': False}, 'classification': 'MONITORING'}",MONITORING,"{""should_analyze"": false, ""combined_validation"": ""NOT_APPLICABLE""}",False,0.0,False,Gaming,0.527,moderate,0.0139,False,Possível acumulação: slope=0.0139,10_49m_range,0.0,0,0.0,38,0,0,0,20260512,0,0,False,False,NOT_APPLICABLE,False,True
pippin,pippin,pippin,https://coin-images.coingecko.com/coins/images/51589/large/pippin_logo.png?1731570163,0.01518997,15129274,959,15129274,6230085,0.01701539,0.01426163,-0.001687489555763731,-9.99848,-1744347.9267940503,-10.33772,999935253.871676,999935253.871676,1000000000.0,0.897199,-98.31133,2026-02-26T15:35:05.499Z,0.0055459,173.18863,2024-12-30T00:02:49.802Z,,2026-06-04T12:44:25.190Z,-39.723726430442824,-21.984897418523072,early_accumulation,0.9831,False,False,False,low,-5.065250000000001,,False,False,0.41179008325184674,10_49m_range,False,"{'short_term': {'has_spike': False, 'momentum_initial': 'low', 'volume_mc_ratio': 0, 'is_candidate': False}, 'medium_term': {'persistence_days': 0, 'volume_recovery_consistent': False, 'volatility_reducing': False, 'is_emerging_leader': False}, 'long_term': {'trend_clear': False, 'sustainable_growth': False, 'consistency_score': 0, 'is_confirmed_leader': False}, 'classification': 'MONITORING'}",MONITORING,"{""should_analyze"": false, ""combined_validation"": ""NOT_APPLICABLE""}",False,0.0,False,Other,0.295,weak,0.0003,False,Sinal fraco: slope=0.0003,10_49m_range,0.0,0,0.0,39,0,0,0,20260511,0,0,False,False,NOT_APPLICABLE,False,
peanut-the-squirrel,pnut,Peanut the Squirrel,https://coin-images.coingecko.com/coins/images/51301/large/Peanut_the_Squirrel.png?1734941241,0.04405409,44066728,495,44066728,18066400,0.051016,0.04238428,-0.006628877491886495,-13.0791,-6636801.546369329,-13.08943,999841993.3755,999841993.3755,1000000000.0,2.44,-98.19196,2024-11-14T01:20:47.489Z,0.03187374,38.22143,2024-11-04T21:41:11.808Z,,2026-06-04T12:43:10.475Z,-28.48804290511375,-14.687559702584377,early_accumulation,0.9819,False,False,False,low,-8.14587,,False,False,0.4099782493494865,10_49m_range,False,"{'short_term': {'has_spike': False, 'momentum_initial': 'low', 'volume_mc_ratio': 0, 'is_candidate': False}, 'medium_term': {'persistence_days': 0, 'volume_recovery_consistent': False, 'volatility_reducing': False, 'is_emerging_leader': False}, 'long_term': {'trend_clear': False, 'sustainable_growth': False, 'consistency_score': 0, 'is_confirmed_leader': False}, 'classification': 'MONITORING'}",MONITORING,"{""should_analyze"": false, ""combined_validation"": ""NOT_APPLICABLE""}",False,0.0,False,Other,0.0,none,-0.0084,False,Ratio em queda — sem acumulação,10_49m_range,0.0,0,0.0,40,0,0,0,20260509,0,0,False,False,NOT_APPLICABLE,False,
chaingpt,cgpt,ChainGPT,https://coin-images.coingecko.com/coins/images/29306/large/200x200.png?1696528257,0.02240186,20790223,817,22398815,8439792,0.02429168,0.02169951,-0.001757348403331395,-7.27403,-1538585.5026917532,-6.89058,926110889.0,997766421.0,1000000000.0,0.555799,-95.95991,2024-03-12T12:05:22.099Z,0.01776651,26.38816,2026-03-29T22:52:01.786Z,,2026-06-04T12:44:23.637Z,-19.960059939444726,2.5382977152987145,early_accumulation,0.9597,False,False,False,low,-2.3407999999999998,,False,False,0.40595004680805974,10_49m_range,False,"{'short_term': {'has_spike': False, 'momentum_initial': 'low', 'volume_mc_ratio': 0, 'is_candidate': False}, 'medium_term': {'persistence_days': 0, 'volume_recovery_consistent': False, 'volatility_reducing': False, 'is_emerging_leader': False}, 'long_term': {'trend_clear': False, 'sustainable_growth': False, 'consistency_score': 0, 'is_confirmed_leader': False}, 'classification': 'MONITORING'}",MONITORING,"{""should_analyze"": false, ""combined_validation"": ""NOT_APPLICABLE""}",False,0.0,False,Other,0.0,none,-0.0198,False,Ratio em queda — sem acumulação,10_49m_range,0.0,0,0.0,41,0,0,0,20260511,0,0,False,False,NOT_APPLICABLE,False,
dia-data,dia,DIA,https://coin-images.coingecko.com/coins/images/11955/large/Company_avatar_%28400x400%29.png?1772208217,0.142008,16983075,911,23956629,6846144,0.156754,0.136394,-0.01374397422015916,-8.82426,-1656825.9595540948,-8.8886,119676104.0,168817248.0,200000000.0,5.73,-97.52308,2021-05-05T12:14:13.955Z,0.136394,4.04091,2026-06-04T11:46:03.194Z,,2026-06-04T12:44:22.431Z,-26.331771052563944,-11.095443504696515,early_accumulation,0.9752,False,False,False,low,-3.8910300000000007,,False,False,0.40311569017978194,10_49m_range,False,"{'short_term': {'has_spike': False, 'momentum_initial': 'low', 'volume_mc_ratio': 0, 'is_candidate': False}, 'medium_term': {'persistence_days': 0, 'volume_recovery_consistent': False, 'volatility_reducing': False, 'is_emerging_leader': False}, 'long_term': {'trend_clear': False, 'sustainable_growth': False, 'consistency_score': 0, 'is_confirmed_leader': False}, 'classification': 'MONITORING'}",MONITORING,"{""should_analyze"": false, ""combined_validation"": ""NOT_APPLICABLE""}",False,0.0,False,Other,0.0,none,-0.0475,False,Ratio em queda — sem acumulação,10_49m_range,0.0,0,0.0,42,0,0,0,20260510,0,0,False,False,NOT_APPLICABLE,False,True
notcoin,not,Notcoin,https://coin-images.coingecko.com/coins/images/33453/large/rFmThDiD_400x400.jpg?1701876350,0.00041822,41478418,510,42739634,15670397,0.00048668,0.00039838,-4.8933446989315e-05,-10.47476,-5051989.283652775,-10.85739,99429447866.9074,102452755868.5205,102456956842.91,0.02836145,-98.52676,2024-06-02T18:00:38.587Z,0.00032676,27.87315,2026-02-28T13:45:06.069Z,,2026-06-04T12:43:25.943Z,-16.716250018444327,-2.7385194335895457,early_accumulation,0.9853,False,False,False,low,-5.54153,,False,False,0.3777964000459227,10_49m_range,False,"{'short_term': {'has_spike': False, 'momentum_initial': 'low', 'volume_mc_ratio': 0, 'is_candidate': False}, 'medium_term': {'persistence_days': 0, 'volume_recovery_consistent': False, 'volatility_reducing': False, 'is_emerging_leader': False}, 'long_term': {'trend_clear': False, 'sustainable_growth': False, 'consistency_score': 0, 'is_confirmed_leader': False}, 'classification': 'MONITORING'}",MONITORING,"{""should_analyze"": false, ""combined_validation"": ""NOT_APPLICABLE""}",False,0.0,False,Meme,0.0,none,-0.0316,False,Ratio em queda — sem acumulação,10_49m_range,0.0,0,0.0,43,0,0,0,20260502,0,0,False,False,NOT_APPLICABLE,False,
moo-deng,moodeng,Moo Deng,https://coin-images.coingecko.com/coins/images/50264/large/MOODENG.jpg?1726726975,0.04209809,41618639,509,41618639,15416307,0.04778565,0.04080546,-0.005502794993840425,-11.56028,-5474688.54104057,-11.62519,989937773.715412,989937773.715412,1000000000.0,0.680378,-93.81428,2024-11-15T14:06:28.269Z,0.01544782,172.44187,2024-09-20T13:55:20.098Z,,2026-06-04T12:43:26.596Z,-33.89191321897534,-9.594144226011151,early_accumulation,0.9381,False,False,False,low,-6.6270500000000006,,False,False,0.3704183358807096,10_49m_range,False,"{'short_term': {'has_spike': False, 'momentum_initial': 'low', 'volume_mc_ratio': 0, 'is_candidate': False}, 'medium_term': {'persistence_days': 0, 'volume_recovery_consistent': False, 'volatility_reducing': False, 'is_emerging_leader': False}, 'long_term': {'trend_clear': False, 'sustainable_growth': False, 'consistency_score': 0, 'is_confirmed_leader': False}, 'classification': 'MONITORING'}",MONITORING,"{""should_analyze"": false, ""combined_validation"": ""NOT_APPLICABLE""}",False,0.0,False,Other,0.0,none,-0.0019,False,Ratio em queda — sem acumulação,10_49m_range,0.0,0,0.0,44,0,0,0,20260509,0,0,False,False,NOT_APPLICABLE,False,
zerebro,zerebro,Zerebro,https://coin-images.coingecko.com/coins/images/51289/large/zerebro_2.png?1730588883,0.02456151,24527626,740,24527626,8968012,0.02559486,0.02306974,0.00116467,4.97791,1139580.0,4.87249,999949427.093648,999949426.959648,1000000000.0,0.784071,-96.86953,2025-01-02T07:41:04.150Z,0.00580864,322.56241,2024-11-03T08:34:49.111Z,,2026-06-04T12:43:26.493Z,-17.607627348792292,10.698286655421626,early_accumulation,0.9687,False,False,False,low,9.91114,,True,True,0.3656290258176637,10_49m_range,False,"{'short_term': {'has_spike': False, 'momentum_initial': 'low', 'volume_mc_ratio': 0, 'is_candidate': False}, 'medium_term': {'persistence_days': 0, 'volume_recovery_consistent': False, 'volatility_reducing': False, 'is_emerging_leader': False}, 'long_term': {'trend_clear': False, 'sustainable_growth': False, 'consistency_score': 0, 'is_confirmed_leader': False}, 'classification': 'MONITORING'}",MONITORING,"{""should_analyze"": false, ""combined_validation"": ""NOT_APPLICABLE""}",False,0.0,False,Other,0.0,none,-0.0169,False,Ratio em queda — sem acumulação,10_49m_range,0.0,0,0.0,45,0,0,0,20260504,0,0,False,False,NOT_APPLICABLE,True,
ankr,ankr,Ankr Network,https://coin-images.coingecko.com/coins/images/4324/large/Ankr_Blue_Symbol.png?1754623142,0.00413286,41268304,514,41268304,15054090,0.00446131,0.0039984,-0.000309473054198122,-6.96646,-3157177.659596026,-7.10668,10000000000.0,10000000000.0,10000000000.0,0.213513,-98.06679,2021-04-16T19:44:04.474Z,0.00070728,483.59307,2020-03-13T02:24:03.563Z,"{'times': -0.3738095283707626, 'currency': 'usd', 'percentage': -37.38095283707626}",2026-06-04T12:43:26.460Z,-16.796660054134854,-5.862603439305372,early_accumulation,0.9806,False,False,False,low,-2.0332299999999996,,False,False,0.3647857687585126,10_49m_range,False,"{'short_term': {'has_spike': False, 'momentum_initial': 'low', 'volume_mc_ratio': 0, 'is_candidate': False}, 'medium_term': {'persistence_days': 0, 'volume_recovery_consistent': False, 'volatility_reducing': False, 'is_emerging_leader': False}, 'long_term': {'trend_clear': False, 'sustainable_growth': False, 'consistency_score': 0, 'is_confirmed_leader': False}, 'classification': 'MONITORING'}",MONITORING,"{""should_analyze"": false, ""combined_validation"": ""NOT_APPLICABLE""}",False,0.0,False,DeFi,0.0,none,-0.0456,False,Ratio em queda — sem acumulação,10_49m_range,0.0,0,0.0,46,0,0,0,20260505,0,0,False,False,NOT_APPLICABLE,False,
g-token,g,Gravity (by Galxe),https://coin-images.coingecko.com/coins/images/39200/large/gravity.jpg?1721020647,0.00300839,21706490,799,36013919,7595737,0.00324193,0.00290484,-0.000222022562827401,-6.87288,-1702690.807005696,-7.2736,7232700000.0,12000000000.0,12000000000.0,0.091691,-96.72021,2024-07-18T08:44:41.666Z,0.00290484,3.5267,2026-06-04T11:16:06.031Z,,2026-06-04T12:44:24.803Z,-18.370808136488627,-7.462912400253403,early_accumulation,0.9672,False,False,False,low,-1.9396500000000003,,False,False,0.34992930685707363,10_49m_range,False,"{'short_term': {'has_spike': False, 'momentum_initial': 'low', 'volume_mc_ratio': 0, 'is_candidate': False}, 'medium_term': {'persistence_days': 0, 'volume_recovery_consistent': False, 'volatility_reducing': False, 'is_emerging_leader': False}, 'long_term': {'trend_clear': False, 'sustainable_growth': False, 'consistency_score': 0, 'is_confirmed_leader': False}, 'classification': 'MONITORING'}",MONITORING,"{""should_analyze"": false, ""combined_validation"": ""NOT_APPLICABLE""}",False,0.0,False,Other,0.0,none,-0.0013,False,Ratio em queda — sem acumulação,10_49m_range,0.0,0,0.0,47,0,0,0,20260510,0,0,False,False,NOT_APPLICABLE,False,True
uma,uma,UMA,https://coin-images.coingecko.com/coins/images/10951/large/UMA.png?1696510900,0.397573,35991240,567,51208376,12593159,0.423668,0.384898,-0.026094621195660916,-6.15922,-2391186.241409786,-6.2299,90561074.86360957,128850395.5488062,,41.56,-99.04399,2021-02-04T11:27:11.433Z,0.303625,30.84501,2020-04-29T17:00:41.760Z,,2026-06-04T12:43:23.536Z,-15.480157279385326,-5.453339805457918,early_accumulation,0.9904,False,False,False,low,-1.2259900000000004,,False,False,0.3498951133664747,10_49m_range,False,"{'short_term': {'has_spike': False, 'momentum_initial': 'low', 'volume_mc_ratio': 0, 'is_candidate': False}, 'medium_term': {'persistence_days': 0, 'volume_recovery_consistent': False, 'volatility_reducing': False, 'is_emerging_leader': False}, 'long_term': {'trend_clear': False, 'sustainable_growth': False, 'consistency_score': 0, 'is_confirmed_leader': False}, 'classification': 'MONITORING'}",MONITORING,"{""should_analyze"": false, ""combined_validation"": ""NOT_APPLICABLE""}",False,0.0,False,Other,0.0,none,-0.021,False,Ratio em queda — sem acumulação,10_49m_range,0.0,0,0.0,48,0,0,0,20260507,0,0,False,False,NOT_APPLICABLE,False,True
mask-network,mask,Mask Network,https://coin-images.coingecko.com/coins/images/14051/large/Mask_Network.jpg?1696513776,0.390735,39060467,536,39060467,13218647,0.427221,0.377666,-0.030218938864892908,-7.17868,-3034908.6521050185,-7.2096,100000000.0,100000000.0,100000000.0,41.45,-99.0577,2021-02-24T17:42:44.637Z,0.377666,3.40861,2026-06-04T11:45:41.578Z,,2026-06-04T12:43:23.980Z,-20.662041794225402,-8.016200150076207,early_accumulation,0.9906,False,False,False,low,-2.24545,,False,False,0.3384149759397398,10_49m_range,False,"{'short_term': {'has_spike': False, 'momentum_initial': 'low', 'volume_mc_ratio': 0, 'is_candidate': False}, 'medium_term': {'persistence_days': 0, 'volume_recovery_consistent': False, 'volatility_reducing': False, 'is_emerging_leader': False}, 'long_term': {'trend_clear': False, 'sustainable_growth': False, 'consistency_score': 0, 'is_confirmed_leader': False}, 'classification': 'MONITORING'}",MONITORING,"{""should_analyze"": false, ""combined_validation"": ""NOT_APPLICABLE""}",False,0.0,False,Other,0.0,none,0.0,False,Apenas 2 snapshots (mínimo 3),10_49m_range,0.0,0,0.0,49,0,0,0,20260516,0,0,False,False,NOT_APPLICABLE,False,
popcat,popcat,Popcat,https://coin-images.coingecko.com/coins/images/33760/large/image.jpg?1702964227,0.04664335,45692052,488,45692052,15123963,0.052494,0.04480929,-0.005350286989526797,-10.29027,-5333719.459435448,-10.45299,979978669.96,979978669.96,979978694.0,2.05,-97.73049,2024-11-17T15:50:59.669Z,0.00379728,1128.04713,2024-01-05T15:34:24.842Z,,2026-06-04T12:43:25.616Z,-24.79273100498727,-8.758436560465967,early_accumulation,0.9772,False,False,False,low,-5.35704,,False,False,0.3309976754819416,10_49m_range,False,"{'short_term': {'has_spike': False, 'momentum_initial': 'low', 'volume_mc_ratio': 0, 'is_candidate': False}, 'medium_term': {'persistence_days': 0, 'volume_recovery_consistent': False, 'volatility_reducing': False, 'is_emerging_leader': False}, 'long_term': {'trend_clear': False, 'sustainable_growth': False, 'consistency_score': 0, 'is_confirmed_leader': False}, 'classification': 'MONITORING'}",MONITORING,"{""should_analyze"": false, ""combined_validation"": ""NOT_APPLICABLE""}",False,0.0,False,Meme,0.0,none,-0.0013,False,Ratio em queda — sem acumulação,10_49m_range,0.0,0,0.0,50,0,0,0,20260509,0,0,False,False,NOT_APPLICABLE,False,
band-protocol,band,Band,https://coin-images.coingecko.com/coins/images/9545/large/Band_Token.png?1754368504,0.189026,33258218,593,33268375,10841446,0.207149,0.181566,-0.012442045019059933,-6.17569,-2339856.223839391,-6.57299,177149408.322847,177205683.08448,,22.83,-99.17687,2021-04-15T12:04:11.270Z,0.181566,3.49599,2026-06-04T10:55:26.276Z,"{'times': -0.6003679541211187, 'currency': 'usd', 'percentage': -60.03679541211186}",2026-06-04T12:43:28.937Z,-15.748372609268602,1.4341884212219052,early_accumulation,0.9917,False,False,False,low,-1.2424600000000003,,False,False,0.3259779582898879,10_49m_range,False,"{'short_term': {'has_spike': False, 'momentum_initial': 'low', 'volume_mc_ratio': 0, 'is_candidate': False}, 'medium_term': {'persistence_days': 0, 'volume_recovery_consistent': False, 'volatility_reducing': False, 'is_emerging_leader': False}, 'long_term': {'trend_clear': False, 'sustainable_growth': False, 'consistency_score': 0, 'is_confirmed_leader': False}, 'classification': 'MONITORING'}",MONITORING,"{""should_analyze"": false, ""combined_validation"": ""NOT_APPLICABLE""}",False,0.0,False,Infra,0.0,none,0.0,False,Apenas 0 snapshots (mínimo 3),10_49m_range,0.0,0,0.0,51,0,0,0,20260604,0,0,False,False,NOT_APPLICABLE,False,
bifrost,bfc,Bifrost,https://coin-images.coingecko.com/coins/images/4639/large/BFC_Symbol.png?1696505208,0.01456504,20254674,830,34482810,6591759,0.01828651,0.01294778,0.00157089,12.08922,2176287.0,12.03806,1391269925.662982,2368584074.0,,0.778815,-98.12921,2021-08-19T00:15:06.996Z,0.01289839,12.95971,2026-06-03T06:36:05.680Z,,2026-06-04T12:44:31.845Z,-11.00453565539603,3.3082959299689874,early_accumulation,0.9813,False,False,False,low,17.02245,,True,True,0.32544384570198465,10_49m_range,False,"{'short_term': {'has_spike': False, 'momentum_initial': 'low', 'volume_mc_ratio': 0, 'is_candidate': False}, 'medium_term': {'persistence_days': 0, 'volume_recovery_consistent': False, 'volatility_reducing': False, 'is_emerging_leader': False}, 'long_term': {'trend_clear': False, 'sustainable_growth': False, 'consistency_score': 0, 'is_confirmed_leader': False}, 'classification': 'MONITORING'}",MONITORING,"{""should_analyze"": false, ""combined_validation"": ""NOT_APPLICABLE""}",False,0.0,False,Other,0.0,none,0.0,False,Apenas 0 snapshots (mínimo 3),10_49m_range,0.0,0,0.0,52,0,0,0,20260604,0,0,False,False,NOT_APPLICABLE,True,True
cobak-token,cbk,Cobak,https://coin-images.coingecko.com/coins/images/13459/large/cbk-128-128.png?1696513222,0.222385,21836896,800,22015704,6887821,0.236254,0.214914,-0.013600026972916013,-5.7631,-1566470.8610386439,-6.69336,99187817.0,100000000.0,100000000.0,15.74,-98.60451,2021-04-02T12:59:22.254Z,0.214914,2.18937,2026-06-04T11:05:45.735Z,,2026-06-04T12:44:29.390Z,-13.698952266416125,-6.756313180826757,early_accumulation,0.9859,False,False,False,low,-0.8298699999999997,,False,False,0.31542124851444087,10_49m_range,False,"{'short_term': {'has_spike': False, 'momentum_initial': 'low', 'volume_mc_ratio': 0, 'is_candidate': False}, 'medium_term': {'persistence_days': 0, 'volume_recovery_consistent': False, 'volatility_reducing': False, 'is_emerging_leader': False}, 'long_term': {'trend_clear': False, 'sustainable_growth': False, 'consistency_score': 0, 'is_confirmed_leader': False}, 'classification': 'MONITORING'}",MONITORING,"{""should_analyze"": false, ""combined_validation"": ""NOT_APPLICABLE""}",False,0.0,False,Other,0.0,none,-0.0023,False,Ratio em queda — sem acumulação,10_49m_range,0.0,0,0.0,53,0,0,0,20260511,0,0,False,False,NOT_APPLICABLE,False,
loopring,lrc,Loopring,https://coin-images.coingecko.com/coins/images/913/large/LRC.png?1696502034,0.01410179,17570781,893,19374152,5493836,0.01503896,0.01367293,-0.000937167976784612,-6.2316,-1138566.222568296,-6.08555,1245991468.94246,1373873397.442457,1374513896.0,3.75,-99.62409,2021-11-10T14:59:53.164Z,0.01367293,3.09448,2026-06-04T09:35:28.660Z,"{'times': -0.7649701138472866, 'currency': 'usd', 'percentage': -76.49701138472867}",2026-06-04T12:44:27.341Z,-16.68322279745017,-8.80126505351367,early_accumulation,0.9962,False,False,False,low,-1.2983700000000002,,False,False,0.31266885632459934,10_49m_range,False,"{'short_term': {'has_spike': False, 'momentum_initial': 'low', 'volume_mc_ratio': 0, 'is_candidate': False}, 'medium_term': {'persistence_days': 0, 'volume_recovery_consistent': False, 'volatility_reducing': False, 'is_emerging_leader': False}, 'long_term': {'trend_clear': False, 'sustainable_growth': False, 'consistency_score': 0, 'is_confirmed_leader': False}, 'classification': 'MONITORING'}",MONITORING,"{""should_analyze"": false, ""combined_validation"": ""NOT_APPLICABLE""}",False,0.0,False,Other,0.0,none,0.0,False,Apenas 2 snapshots (mínimo 3),10_49m_range,0.0,0,0.0,54,0,0,0,20260510,0,0,False,False,NOT_APPLICABLE,False,
auction,auction,Bounce,https://coin-images.coingecko.com/coins/images/13860/large/1_KtgpRIJzuwfHe0Rl0avP_g.jpeg?1696513606,4.06,30102447,653,30997465,9190156,4.38,3.94,-0.28160318217746916,-6.49014,-2018649.7485553063,-6.2845,7420408.012770892,7641034.513104652,10000000.0,70.44,-94.2412,2021-04-12T04:15:39.424Z,3.16,28.50374,2025-10-10T21:28:43.801Z,,2026-06-04T12:43:23.964Z,-15.850183082396544,-7.18339711790051,early_accumulation,0.9424,False,False,False,low,-1.5569100000000002,,False,False,0.3052959780977274,10_49m_range,False,"{'short_term': {'has_spike': False, 'momentum_initial': 'low', 'volume_mc_ratio': 0, 'is_candidate': False}, 'medium_term': {'persistence_days': 0, 'volume_recovery_consistent': False, 'volatility_reducing': False, 'is_emerging_leader': False}, 'long_term': {'trend_clear': False, 'sustainable_growth': False, 'consistency_score': 0, 'is_confirmed_leader': False}, 'classification': 'MONITORING'}",MONITORING,"{""should_analyze"": false, ""combined_validation"": ""NOT_APPLICABLE""}",False,0.0,False,Other,0.0,none,0.0,False,Apenas 2 snapshots (mínimo 3),10_49m_range,0.0,0,0.0,55,0,0,0,20260510,0,0,False,False,NOT_APPLICABLE,False,
chromaway,chr,Chromia,https://coin-images.coingecko.com/coins/images/5000/large/Chromia.png?1696505533,0.01734705,16903372,914,16903372,5106070,0.02012323,0.01668174,-0.002730767050937787,-13.60092,-2667627.5771719366,-13.63051,974831915.3782,974831915.3782,978064789.0,1.49,-98.83908,2021-11-20T09:59:59.379Z,0.00874003,97.98875,2020-03-13T02:25:03.256Z,"{'times': -0.6530590563306526, 'currency': 'usd', 'percentage': -65.30590563306527}",2026-06-04T12:44:25.015Z,-32.77231719042284,-8.984528685977583,early_accumulation,0.9884,False,False,False,low,-8.66769,,False,False,0.3020740477107171,10_49m_range,False,"{'short_term': {'has_spike': False, 'momentum_initial': 'low', 'volume_mc_ratio': 0, 'is_candidate': False}, 'medium_term': {'persistence_days': 0, 'volume_recovery_consistent': False, 'volatility_reducing': False, 'is_emerging_leader': False}, 'long_term': {'trend_clear': False, 'sustainable_growth': False, 'consistency_score': 0, 'is_confirmed_leader': False}, 'classification': 'MONITORING'}",MONITORING,"{""should_analyze"": false, ""combined_validation"": ""NOT_APPLICABLE""}",False,0.0,False,Other,0.0,none,-0.0059,False,Ratio em queda — sem acumulação,10_49m_range,0.0,0,0.0,56,0,0,0,20260512,0,0,False,False,NOT_APPLICABLE,False,
magic-eden,me,Magic Eden,https://coin-images.coingecko.com/coins/images/39850/large/_ME_Profile_Dark_2x.png?1734013082,0.070576,39551324,529,70734633,11875984,0.07888,0.069127,-0.008074563530443904,-10.26642,-4447691.877329022,-10.10862,559145692.886425,999990921.96507,1000000000.0,17.0,-99.58488,2024-12-10T14:00:45.686Z,0.069127,2.09255,2026-06-04T10:55:40.593Z,,2026-06-04T12:43:26.358Z,-32.86591924462381,-17.329540579002348,early_accumulation,0.9958,False,False,False,low,-5.33319,,False,False,0.30026767245516234,10_49m_range,False,"{'short_term': {'has_spike': False, 'momentum_initial': 'low', 'volume_mc_ratio': 0, 'is_candidate': False}, 'medium_term': {'persistence_days': 0, 'volume_recovery_consistent': False, 'volatility_reducing': False, 'is_emerging_leader': False}, 'long_term': {'trend_clear': False, 'sustainable_growth': False, 'consistency_score': 0, 'is_confirmed_leader': False}, 'classification': 'MONITORING'}",MONITORING,"{""should_analyze"": false, ""combined_validation"": ""NOT_APPLICABLE""}",False,0.0,False,Other,0.0,none,0.0,False,Apenas 0 snapshots (mínimo 3),10_49m_range,0.0,0,0.0,57,0,0,0,20260604,0,0,False,False,NOT_APPLICABLE,False,True
altlayer,alt,AltLayer,https://coin-images.coingecko.com/coins/images/34608/large/Logomark_200x200.png?1715107868,0.00627928,40196930,521,62768542,11969777,0.00699789,0.00607618,-0.000602306268735827,-8.75244,-3880739.823701322,-8.80432,6403993052.0,10000000000.0,10000000000.0,0.676743,-99.07266,2024-03-28T23:20:10.066Z,0.00600213,4.55829,2026-03-29T22:55:39.974Z,,2026-06-04T12:43:25.941Z,-20.120739701667162,-11.63529491656494,early_accumulation,0.9907,False,False,False,low,-3.81921,,False,False,0.29777838755347735,10_49m_range,False,"{'short_term': {'has_spike': False, 'momentum_initial': 'low', 'volume_mc_ratio': 0, 'is_candidate': False}, 'medium_term': {'persistence_days': 0, 'volume_recovery_consistent': False, 'volatility_reducing': False, 'is_emerging_leader': False}, 'long_term': {'trend_clear': False, 'sustainable_growth': False, 'consistency_score': 0, 'is_confirmed_leader': False}, 'classification': 'MONITORING'}",MONITORING,"{""should_analyze"": false, ""combined_validation"": ""NOT_APPLICABLE""}",False,0.0,False,Other,0.0,none,-0.0546,False,Ratio em queda — sem acumulação,10_49m_range,0.0,0,0.0,58,0,0,0,20260520,0,0,False,False,NOT_APPLICABLE,False,True
carv,carv,CARV,https://coin-images.coingecko.com/coins/images/37689/large/CARV_%281%29.png?1728418485,0.0427038,25685622,719,42673857,7587731,0.04796172,0.04176332,-0.005133475144119833,-10.73112,-3113148.8517423756,-10.81001,601905326.0,1000000000.0,1000000000.0,1.36,-96.86827,2024-11-02T15:50:28.103Z,0.04176332,2.25137,2026-06-04T11:25:26.964Z,,2026-06-04T12:43:25.950Z,-26.486121707114147,-12.256436822438683,early_accumulation,0.9686,False,False,False,low,-5.797890000000001,,False,False,0.29540771876188165,10_49m_range,False,"{'short_term': {'has_spike': False, 'momentum_initial': 'low', 'volume_mc_ratio': 0, 'is_candidate': False}, 'medium_term': {'persistence_days': 0, 'volume_recovery_consistent': False, 'volatility_reducing': False, 'is_emerging_leader': False}, 'long_term': {'trend_clear': False, 'sustainable_growth': False, 'consistency_score': 0, 'is_confirmed_leader': False}, 'classification': 'MONITORING'}",MONITORING,"{""should_analyze"": false, ""combined_validation"": ""NOT_APPLICABLE""}",False,0.0,False,Other,0.0,none,-0.0262,False,Ratio em queda — sem acumulação,10_49m_range,0.0,0,0.0,59,0,0,0,20260506,0,0,False,False,NOT_APPLICABLE,False,True
terra-luna-2,luna,Terra,https://coin-images.coingecko.com/coins/images/25767/large/01_Luna_color.png?1696524851,0.054642,38693234,540,64673999,10551589,0.057671,0.052807,-0.00278801270869878,-4.85461,-2162570.849531628,-5.29318,709984438.91686,1186707049.0,,18.87,-99.71091,2022-05-28T09:18:14.847Z,0.04580672,19.0915,2025-10-10T21:26:52.228Z,,2026-06-04T12:43:24.964Z,-23.558040690980768,-7.041992247938002,early_accumulation,0.9971,False,False,False,low,0.07861999999999991,,False,False,0.2726985549980133,10_49m_range,False,"{'short_term': {'has_spike': False, 'momentum_initial': 'low', 'volume_mc_ratio': 0, 'is_candidate': False}, 'medium_term': {'persistence_days': 0, 'volume_recovery_consistent': False, 'volatility_reducing': False, 'is_emerging_leader': False}, 'long_term': {'trend_clear': False, 'sustainable_growth': False, 'consistency_score': 0, 'is_confirmed_leader': False}, 'classification': 'MONITORING'}",MONITORING,"{""should_analyze"": false, ""combined_validation"": ""NOT_APPLICABLE""}",False,0.0,False,DeFi,0.386,weak,0.019,False,Sinal fraco: slope=0.0190,10_49m_range,0.0,0,0.0,60,0,0,0,20260503,0,0,False,False,NOT_APPLICABLE,False,True
coredaoorg,core,Core,https://coin-images.coingecko.com/coins/images/28938/large/file_589.jpg?1701868471,0.02815284,34855728,582,59174041,9457748,0.03254341,0.02681371,-0.003306527656422822,-10.51047,-4045475.220474772,-10.39936,1236978682.935345,2100000000.0,2100000000.0,6.14,-99.54154,2023-02-08T12:55:39.828Z,0.02340497,20.34296,2026-04-02T18:00:39.187Z,,2026-06-04T12:43:25.067Z,-26.240231233996568,-2.23217061363337,early_accumulation,0.9954,False,False,False,low,-5.57724,,False,False,0.2713398497945589,10_49m_range,False,"{'short_term': {'has_spike': False, 'momentum_initial': 'low', 'volume_mc_ratio': 0, 'is_candidate': False}, 'medium_term': {'persistence_days': 0, 'volume_recovery_consistent': False, 'volatility_reducing': False, 'is_emerging_leader': False}, 'long_term': {'trend_clear': False, 'sustainable_growth': False, 'consistency_score': 0, 'is_confirmed_leader': False}, 'classification': 'MONITORING'}",MONITORING,"{""should_analyze"": false, ""combined_validation"": ""NOT_APPLICABLE""}",False,0.0,False,Other,0.0,none,0.0,False,Apenas 0 snapshots (mínimo 3),10_49m_range,0.0,0,0.0,61,0,0,0,20260604,0,0,False,False,NOT_APPLICABLE,False,True
kyber-network-crystal,knc,Kyber Network Crystal,https://coin-images.coingecko.com/coins/images/14899/large/RwdVsGcw_400x400.jpg?1696514562,0.129865,22105743,792,31304709,5977350,0.135558,0.126977,-0.00447903203364941,-3.334,-753241.149079755,-3.29516,170152851.23024455,240959344.718651,252301550.0,5.7,-97.71921,2022-04-29T00:29:36.976Z,0.123044,5.56641,2026-03-08T05:01:00.474Z,,2026-06-04T12:44:22.847Z,-13.720316279397208,-4.5725455773237815,early_accumulation,0.9772,False,False,False,low,1.59923,,False,False,0.27039805900213354,10_49m_range,False,"{'short_term': {'has_spike': False, 'momentum_initial': 'low', 'volume_mc_ratio': 0, 'is_candidate': False}, 'medium_term': {'persistence_days': 0, 'volume_recovery_consistent': False, 'volatility_reducing': False, 'is_emerging_leader': False}, 'long_term': {'trend_clear': False, 'sustainable_growth': False, 'consistency_score': 0, 'is_confirmed_leader': False}, 'classification': 'MONITORING'}",MONITORING,"{""should_analyze"": false, ""combined_validation"": ""NOT_APPLICABLE""}",False,0.0,False,Other,0.0,none,-0.0669,False,Ratio em queda — sem acumulação,10_49m_range,0.0,0,0.0,62,0,0,0,20260510,0,0,False,False,NOT_APPLICABLE,False,True
gigachad-2,giga,Gigachad,https://coin-images.coingecko.com/coins/images/34755/large/IMG_0015.png?1705957165,0.00265119,25453415,723,25453415,6841872,0.00287206,0.00251413,-0.000170591305678487,-6.04552,-1646271.579531867,-6.07487,9604136902.35,9604136902.35,10000000000.0,0.095127,-97.21298,2025-01-03T16:26:00.996Z,1.244e-05,21208.24401,2024-02-06T19:23:17.592Z,,2026-06-04T12:43:25.723Z,24.70974725237752,-18.567060042842616,early_accumulation,0.9721,False,False,False,low,-1.1122899999999998,,False,False,0.2687997661610436,10_49m_range,False,"{'short_term': {'has_spike': False, 'momentum_initial': 'low', 'volume_mc_ratio': 0, 'is_candidate': False}, 'medium_term': {'persistence_days': 0, 'volume_recovery_consistent': False, 'volatility_reducing': False, 'is_emerging_leader': False}, 'long_term': {'trend_clear': False, 'sustainable_growth': False, 'consistency_score': 0, 'is_confirmed_leader': False}, 'classification': 'MONITORING'}",MONITORING,"{""should_analyze"": false, ""combined_validation"": ""NOT_APPLICABLE""}",False,0.0,False,Meme,0.516,moderate,0.0484,False,Possível acumulação: slope=0.0484,10_49m_range,0.0,0,0.0,63,0,0,0,20260503,0,0,False,False,NOT_APPLICABLE,False,
secret,scrt,Secret,https://coin-images.coingecko.com/coins/images/11871/large/scrt_200.png?1733344413,0.070374,24118815,742,25128527,6455140,0.078216,0.067621,-0.006759546125498284,-8.76345,-2314670.5230148993,-8.75658,342739916.644461,357088411.60853,,10.38,-99.32228,2021-10-28T12:44:49.785Z,0.067621,4.08095,2026-06-04T11:21:02.683Z,,2026-06-04T12:43:23.587Z,-33.75306293934872,-8.179722770957119,early_accumulation,0.9932,False,False,False,low,-3.8302200000000006,,False,False,0.26763918542432535,10_49m_range,False,"{'short_term': {'has_spike': False, 'momentum_initial': 'low', 'volume_mc_ratio': 0, 'is_candidate': False}, 'medium_term': {'persistence_days': 0, 'volume_recovery_consistent': False, 'volatility_reducing': False, 'is_emerging_leader': False}, 'long_term': {'trend_clear': False, 'sustainable_growth': False, 'consistency_score': 0, 'is_confirmed_leader': False}, 'classification': 'MONITORING'}",MONITORING,"{""should_analyze"": false, ""combined_validation"": ""NOT_APPLICABLE""}",False,0.0,False,Privacy,0.0,none,0.0,False,Apenas 0 snapshots (mínimo 3),10_49m_range,0.0,0,0.0,64,0,0,0,20260604,0,0,False,False,NOT_APPLICABLE,False,
marvell-technology-ondo-tokenized-stock,mrvlon,Marvell Technology (Ondo Tokenized Stock),https://coin-images.coingecko.com/coins/images/68560/large/mrvlon_160x160.png?1756105919,284.89,38932236,538,38925466,10380607,323.6,279.48,-37.893609488203595,-11.7398,-4469035.002860583,-10.29701,136659.3121809463,136635.5495154454,,339.17,-16.00569,2026-06-03T04:25:33.634Z,62.45,356.21016,2025-09-02T16:00:14.755Z,,2026-06-04T12:43:27.812Z,71.87703821555895,47.400750412552526,early_accumulation,0.16,False,False,False,low,-6.806570000000001,,False,False,0.2666326948187615,10_49m_range,False,"{'short_term': {'has_spike': False, 'momentum_initial': 'low', 'volume_mc_ratio': 0, 'is_candidate': False}, 'medium_term': {'persistence_days': 0, 'volume_recovery_consistent': False, 'volatility_reducing': False, 'is_emerging_leader': False}, 'long_term': {'trend_clear': False, 'sustainable_growth': False, 'consistency_score': 0, 'is_confirmed_leader': False}, 'classification': 'MONITORING'}",MONITORING,"{""should_analyze"": false, ""combined_validation"": ""NOT_APPLICABLE""}",False,0.0,False,Other,0.0,none,-0.0208,False,Ratio em queda — sem acumulação,10_49m_range,0.0,0,0.0,65,0,0,0,20260527,0,0,False,False,NOT_APPLICABLE,False,
across-protocol,acx,Across Protocol,https://coin-images.coingecko.com/coins/images/28161/large/across-200x200.png?1696527165,0.04117637,29036247,668,41206177,7703541,0.0426109,0.03925605,-0.000519538420674495,-1.24602,-344055.4214820862,-1.17104,704657633.0,1000000000.0,1000000000.0,1.69,-97.56042,2024-12-06T13:25:33.957Z,0.03124001,31.88005,2026-02-28T10:10:18.485Z,,2026-06-04T12:43:25.253Z,-7.785644719190553,-3.0580778042146513,early_accumulation,0.9756,False,False,False,low,3.6872100000000003,,True,False,0.26530773760121273,10_49m_range,False,"{'short_term': {'has_spike': False, 'momentum_initial': 'low', 'volume_mc_ratio': 0, 'is_candidate': False}, 'medium_term': {'persistence_days': 0, 'volume_recovery_consistent': False, 'volatility_reducing': False, 'is_emerging_leader': False}, 'long_term': {'trend_clear': False, 'sustainable_growth': False, 'consistency_score': 0, 'is_confirmed_leader': False}, 'classification': 'MONITORING'}",MONITORING,"{""should_analyze"": false, ""combined_validation"": ""NOT_APPLICABLE""}",False,0.0,False,Other,0.0,none,0.0,False,Apenas 0 snapshots (mínimo 3),10_49m_range,0.0,0,0.0,66,0,0,0,20260604,0,0,False,False,NOT_APPLICABLE,True,True
zelcash,flux,Flux,https://coin-images.coingecko.com/coins/images/5163/large/Flux_symbol_blue-white.png?1696505679,0.058369,23955871,747,23964293,6183664,0.064843,0.056626,-0.005495411296136413,-8.6048,-2290812.545604244,-8.72801,410921558.4991484,411066010.4991484,440000000.0,3.33,-98.24672,2022-01-03T10:18:02.680Z,0.01640374,255.47835,2021-01-13T05:29:57.987Z,,2026-06-04T12:43:26.660Z,-14.004984010697278,-12.508939240226194,early_accumulation,0.9825,False,False,False,low,-3.671569999999999,,False,False,0.2581272874611823,10_49m_range,False,"{'short_term': {'has_spike': False, 'momentum_initial': 'low', 'volume_mc_ratio': 0, 'is_candidate': False}, 'medium_term': {'persistence_days': 0, 'volume_recovery_consistent': False, 'volatility_reducing': False, 'is_emerging_leader': False}, 'long_term': {'trend_clear': False, 'sustainable_growth': False, 'consistency_score': 0, 'is_confirmed_leader': False}, 'classification': 'MONITORING'}",MONITORING,"{""should_analyze"": false, ""combined_validation"": ""NOT_APPLICABLE""}",False,0.0,False,Other,0.0,none,-0.0517,False,Ratio em queda — sem acumulação,10_49m_range,0.0,0,0.0,67,0,0,0,20260525,0,0,False,False,NOT_APPLICABLE,False,
mog-coin,mog,Mog Coin,https://coin-images.coingecko.com/coins/images/31059/large/MOG_LOGO_200x200.png?1696529893,1.14877e-07,44828982,492,44828982,11431890,1.24896e-07,1.10557e-07,-9.496520051e-09,-7.63546,-3725949.462090537,-7.67368,390561997990255.06,390561997990255.06,420690000000000.0,4.02e-06,-97.14231,2024-12-07T03:55:46.658Z,4.526e-09,2435.78838,2023-07-24T17:10:57.805Z,,2026-06-04T12:43:25.326Z,-28.024353331447426,-8.627912914138458,early_accumulation,0.9714,False,False,False,low,-2.70223,,False,False,0.25501114435299915,10_49m_range,False,"{'short_term': {'has_spike': False, 'momentum_initial': 'low', 'volume_mc_ratio': 0, 'is_candidate': False}, 'medium_term': {'persistence_days': 0, 'volume_recovery_consistent': False, 'volatility_reducing': False, 'is_emerging_leader': False}, 'long_term': {'trend_clear': False, 'sustainable_growth': False, 'consistency_score': 0, 'is_confirmed_leader': False}, 'classification': 'MONITORING'}",MONITORING,"{""should_analyze"": false, ""combined_validation"": ""NOT_APPLICABLE""}",False,0.0,False,Meme,0.0,none,0.0,False,Apenas 1 snapshots (mínimo 3),10_49m_range,0.0,0,0.0,68,0,0,0,20260603,0,0,False,False,NOT_APPLICABLE,False,
euler,eul,Euler,https://coin-images.coingecko.com/coins/images/26149/large/Coingecko_logo_%281%29.png?1706026067,0.961744,23222567,763,26142902,5911897,1.1,0.944243,-0.12895166735295738,-11.82289,-3198139.742950715,-12.10467,24146317.188470602,27182818.28459,27182818.0,15.81,-93.92359,2025-07-11T05:56:24.825Z,0.723337,32.8474,2026-03-29T22:55:41.586Z,,2026-06-04T12:44:23.350Z,-32.320466041825505,-15.984075942978023,early_accumulation,0.9392,False,False,False,low,-6.889659999999999,,False,False,0.25457551699603237,10_49m_range,False,"{'short_term': {'has_spike': False, 'momentum_initial': 'low', 'volume_mc_ratio': 0, 'is_candidate': False}, 'medium_term': {'persistence_days': 0, 'volume_recovery_consistent': False, 'volatility_reducing': False, 'is_emerging_leader': False}, 'long_term': {'trend_clear': False, 'sustainable_growth': False, 'consistency_score': 0, 'is_confirmed_leader': False}, 'classification': 'MONITORING'}",MONITORING,"{""should_analyze"": false, ""combined_validation"": ""NOT_APPLICABLE""}",False,0.0,False,Other,0.0,none,0.0,False,Apenas 2 snapshots (mínimo 3),10_49m_range,0.0,0,0.0,69,0,0,0,20260511,0,0,False,False,NOT_APPLICABLE,False,
skale,skl,SKALE,https://coin-images.coingecko.com/coins/images/13245/large/SKALE_token_300x300.png?1696513021,0.00500438,30461965,647,31093904,7633355,0.00544986,0.00483859,-0.00042507449867919,-7.82905,-2634922.309799943,-7.96124,6094019337.0,6220440895.395961,7000000000.0,1.22,-99.58913,2021-03-12T05:14:18.439Z,0.00483859,3.27979,2026-06-04T11:45:41.508Z,,2026-06-04T12:43:23.884Z,-28.039052266558695,-9.569467334421725,early_accumulation,0.9959,False,False,False,low,-2.8958199999999996,,False,False,0.2505864280259005,10_49m_range,False,"{'short_term': {'has_spike': False, 'momentum_initial': 'low', 'volume_mc_ratio': 0, 'is_candidate': False}, 'medium_term': {'persistence_days': 0, 'volume_recovery_consistent': False, 'volatility_reducing': False, 'is_emerging_leader': False}, 'long_term': {'trend_clear': False, 'sustainable_growth': False, 'consistency_score': 0, 'is_confirmed_leader': False}, 'classification': 'MONITORING'}",MONITORING,"{""should_analyze"": false, ""combined_validation"": ""NOT_APPLICABLE""}",False,0.0,False,L2,0.0,none,0.0,False,Apenas 1 snapshots (mínimo 3),10_49m_range,0.0,0,0.0,70,0,0,0,20260603,0,0,False,False,NOT_APPLICABLE,False,
usual,usual,Usual,https://coin-images.coingecko.com/coins/images/51091/large/USUAL.jpg?1730035787,0.01114249,19956449,837,20413165,4999186,0.01230854,0.01074395,-0.001075977073453539,-8.80616,-1913567.6646707393,-8.74973,1790016387.4638243,1830982062.92702,3000000000.0,1.61,-99.30802,2024-12-20T06:22:16.452Z,0.01049216,6.20353,2025-10-10T21:28:35.531Z,,2026-06-04T12:44:31.430Z,-23.845110674043074,-10.178203864797718,early_accumulation,0.9931,False,False,False,low,-3.87293,,False,False,0.2505047866982748,10_49m_range,False,"{'short_term': {'has_spike': False, 'momentum_initial': 'low', 'volume_mc_ratio': 0, 'is_candidate': False}, 'medium_term': {'persistence_days': 0, 'volume_recovery_consistent': False, 'volatility_reducing': False, 'is_emerging_leader': False}, 'long_term': {'trend_clear': False, 'sustainable_growth': False, 'consistency_score': 0, 'is_confirmed_leader': False}, 'classification': 'MONITORING'}",MONITORING,"{""should_analyze"": false, ""combined_validation"": ""NOT_APPLICABLE""}",False,0.0,False,Other,0.0,none,-0.0013,False,Ratio em queda — sem acumulação,10_49m_range,0.0,0,0.0,71,0,0,0,20260511,0,0,False,False,NOT_APPLICABLE,False,
cat-in-a-dogs-world,mew,cat in a dogs world,https://coin-images.coingecko.com/coins/images/36440/large/MEW.png?1711442286,0.00041396,36727481,562,36727481,8916103,0.00045987,0.00039982,-4.5908583751569e-05,-9.98305,-4172996.5445566624,-10.20281,88888888888.88,88888888888.88,88888888888.88,0.01288153,-96.78986,2024-11-17T16:03:04.829Z,0.00039982,3.42616,2026-06-04T11:15:48.057Z,,2026-06-04T12:43:25.801Z,-33.71158556674849,-15.101320752086774,early_accumulation,0.9679,False,False,False,low,-5.04982,,False,False,0.2427638040300123,10_49m_range,False,"{'short_term': {'has_spike': False, 'momentum_initial': 'low', 'volume_mc_ratio': 0, 'is_candidate': False}, 'medium_term': {'persistence_days': 0, 'volume_recovery_consistent': False, 'volatility_reducing': False, 'is_emerging_leader': False}, 'long_term': {'trend_clear': False, 'sustainable_growth': False, 'consistency_score': 0, 'is_confirmed_leader': False}, 'classification': 'MONITORING'}",MONITORING,"{""should_analyze"": false, ""combined_validation"": ""NOT_APPLICABLE""}",False,0.0,False,Other,0.0,none,0.0,False,Apenas 0 snapshots (mínimo 3),10_49m_range,0.0,0,0.0,72,0,0,0,20260604,0,0,False,False,NOT_APPLICABLE,False,
iota-2,sn9,iota,https://coin-images.coingecko.com/coins/images/66330/large/sn9.png?1749231911,7.93,34019595,585,34019595,8200312,8.25,6.52,1.32,19.89605,5690255.0,20.08609,4291733.576177207,4291733.576177207,21000000.0,20.55,-61.42769,2025-06-10T06:41:22.119Z,3.67,116.0444,2026-02-11T16:50:39.855Z,,2026-06-04T12:43:27.341Z,21.945367014655716,3.8093417238414395,early_accumulation,0.6141,False,False,False,low,24.829279999999997,,True,True,0.2410467261588505,10_49m_range,False,"{'short_term': {'has_spike': False, 'momentum_initial': 'low', 'volume_mc_ratio': 0, 'is_candidate': False}, 'medium_term': {'persistence_days': 0, 'volume_recovery_consistent': False, 'volatility_reducing': False, 'is_emerging_leader': False}, 'long_term': {'trend_clear': False, 'sustainable_growth': False, 'consistency_score': 0, 'is_confirmed_leader': False}, 'classification': 'MONITORING'}",MONITORING,"{""should_analyze"": false, ""combined_validation"": ""NOT_APPLICABLE""}",False,0.0,False,Other,0.0,none,0.0,False,Apenas 0 snapshots (mínimo 3),10_49m_range,0.0,0,0.0,73,0,0,0,20260604,0,0,False,False,NOT_APPLICABLE,True,
moonwell-artemis,well,Moonwell,https://coin-images.coingecko.com/coins/images/26133/large/WELL.png?1696525221,0.00368049,16672178,923,18402458,3819450,0.00395599,0.00364714,-0.000136823834003165,-3.58429,-472658.870515123,-2.75686,4529877852.0,5000000000.0,5000000000.0,0.298797,-98.76589,2022-06-23T08:08:53.973Z,0.00298508,23.53032,2022-12-21T02:20:29.893Z,,2026-06-04T12:44:23.284Z,-11.926853889798956,-7.178715414379902,early_accumulation,0.9877,False,False,False,low,1.3489399999999998,,False,False,0.22909124410739856,10_49m_range,False,"{'short_term': {'has_spike': False, 'momentum_initial': 'low', 'volume_mc_ratio': 0, 'is_candidate': False}, 'medium_term': {'persistence_days': 0, 'volume_recovery_consistent': False, 'volatility_reducing': False, 'is_emerging_leader': False}, 'long_term': {'trend_clear': False, 'sustainable_growth': False, 'consistency_score': 0, 'is_confirmed_leader': False}, 'classification': 'MONITORING'}",MONITORING,"{""should_analyze"": false, ""combined_validation"": ""NOT_APPLICABLE""}",False,0.0,False,Other,0.0,none,0.0,False,Apenas 2 snapshots (mínimo 3),10_49m_range,0.0,0,0.0,74,0,0,0,20260504,0,0,False,False,NOT_APPLICABLE,False,
dodo,dodo,DODO,https://coin-images.coingecko.com/coins/images/12651/large/dodo_logo.png?1696512458,0.01630528,16281813,933,16281813,3565392,0.01889311,0.01558595,-0.002041982878105451,-11.12963,-2065450.0783233307,-11.25754,1000000000.0,1000000000.0,1000000000.0,8.38,-99.80574,2021-02-20T09:19:28.624Z,0.0129848,25.32783,2026-02-06T00:30:52.016Z,,2026-06-04T12:44:22.583Z,-15.915872754710602,-8.991418708829912,early_accumulation,0.9981,False,False,False,low,-6.196400000000001,,False,False,0.2189800361913013,10_49m_range,False,"{'short_term': {'has_spike': False, 'momentum_initial': 'low', 'volume_mc_ratio': 0, 'is_candidate': False}, 'medium_term': {'persistence_days': 0, 'volume_recovery_consistent': False, 'volatility_reducing': False, 'is_emerging_leader': False}, 'long_term': {'trend_clear': False, 'sustainable_growth': False, 'consistency_score': 0, 'is_confirmed_leader': False}, 'classification': 'MONITORING'}",MONITORING,"{""should_analyze"": false, ""combined_validation"": ""NOT_APPLICABLE""}",False,0.0,False,Other,0.0,none,-0.099,False,Ratio em queda — sem acumulação,10_49m_range,0.0,0,0.0,75,0,0,0,20260514,0,0,False,False,NOT_APPLICABLE,False,
