id,symbol,name,image,current_price,market_cap,market_cap_rank,fully_diluted_valuation,total_volume,high_24h,low_24h,price_change_24h,price_change_percentage_24h,market_cap_change_24h,market_cap_change_percentage_24h,circulating_supply,total_supply,max_supply,ath,ath_change_percentage,ath_date,atl,atl_change_percentage,atl_date,roi,last_updated,price_change_percentage_30d_in_currency,price_change_percentage_7d_in_currency,zone,drawdown_pct,price_resilience,is_gold,suspected_wash_trading,momentum,rs_24h,rs_7d,rs_strong_24h,rs_leader_24h,ratio,range,volume_recovery,timeframe_analysis,timeframe_classification,social_analysis,seller_exhaustion,volatility_14d,ratio_surge,sector,accumulation_score,accumulation_signal,accumulation_slope,is_silent_accumulation,accumulation_reason,source_range,quant_score,social_score,final_score,ranking,persistence_count_3d,persistence_count_7d,persistence_count_14d,first_seen,max_persistence_ever,persistence_days,is_confirmed_leader,social_explosion,social_validation,rs_strong,fdv_warning
stratis,strax,Xertra,https://coin-images.coingecko.com/coins/images/531/large/Xertra_Logo_200x200.png?1761277005,0.00871695,18951879,826,18951879,51501899,0.00915672,0.00831239,-0.000279743098265251,-3.1094,-677890.7200200297,-3.45338,2172731466.075382,2172731466.075382,,22.77,-99.96156,2018-01-08T00:00:00.000Z,0.00831239,5.27502,2026-06-06T05:20:26.876Z,,2026-06-06T13:56:58.567Z,-35.104439006408164,-24.91582199140774,breakout,0.9996,False,False,False,low,-3.11277,,False,False,2.717508854926733,10_49m_range,False,"{'short_term': {'has_spike': False, 'momentum_initial': 'low', 'volume_mc_ratio': 0, 'is_candidate': False}, 'medium_term': {'persistence_days': 0, 'volume_recovery_consistent': False, 'volatility_reducing': False, 'is_emerging_leader': False}, 'long_term': {'trend_clear': False, 'sustainable_growth': False, 'consistency_score': 0, 'is_confirmed_leader': False}, 'classification': 'MONITORING'}",MONITORING,"{""should_analyze"": false, ""combined_validation"": ""NOT_APPLICABLE""}",False,0.0,False,Other,0.0,none,-0.2767,False,Ratio em queda — sem acumulação,10_49m_range,1.5,0,0.9,1,0,0,0,20260531,0,0,False,False,NOT_APPLICABLE,False,
epic-chain,epic,Epic Chain,https://coin-images.coingecko.com/coins/images/54734/large/PFP.png?1753421273,0.637658,21421584,769,21421584,31661127,0.661722,0.548738,0.052825,9.03243,1859221.0,9.50407,33600000.0,33600000.0,33600000.0,3.2,-80.07614,2025-08-20T15:57:23.043Z,0.192233,231.37307,2026-05-29T04:15:25.109Z,,2026-06-06T13:57:01.245Z,81.03041054542895,172.52050652244068,breakout,0.8007,False,False,False,low,9.02906,,False,False,1.4780012066334591,10_49m_range,False,"{'short_term': {'has_spike': False, 'momentum_initial': 'low', 'volume_mc_ratio': 0, 'is_candidate': False}, 'medium_term': {'persistence_days': 0, 'volume_recovery_consistent': False, 'volatility_reducing': False, 'is_emerging_leader': False}, 'long_term': {'trend_clear': False, 'sustainable_growth': False, 'consistency_score': 0, 'is_confirmed_leader': False}, 'classification': 'MONITORING'}",MONITORING,"{""should_analyze"": false, ""combined_validation"": ""NOT_APPLICABLE""}",False,0.0,False,Other,0.0,none,-0.6355,False,Ratio em queda — sem acumulação,10_49m_range,1.5,0,0.9,2,0,0,0,20260603,0,0,False,False,NOT_APPLICABLE,False,
marlin,pond,Marlin,https://coin-images.coingecko.com/coins/images/8903/large/200x200.png?1706115827,0.00183454,15040082,941,18336209,17420556,0.0026789,0.00181387,-0.000285525648299134,-13.46775,-2437982.6955269184,-13.94881,8202394162.0,10000000000.0,10000000000.0,0.323362,-99.43484,2020-12-21T23:37:33.267Z,0.00135057,35.31328,2026-05-23T08:20:56.196Z,,2026-06-06T13:56:47.293Z,-13.921288667070971,13.704000400868507,breakout,0.9943,False,False,False,low,-13.47112,,False,False,1.158275333871185,10_49m_range,False,"{'short_term': {'has_spike': False, 'momentum_initial': 'low', 'volume_mc_ratio': 0, 'is_candidate': False}, 'medium_term': {'persistence_days': 0, 'volume_recovery_consistent': False, 'volatility_reducing': False, 'is_emerging_leader': False}, 'long_term': {'trend_clear': False, 'sustainable_growth': False, 'consistency_score': 0, 'is_confirmed_leader': False}, 'classification': 'MONITORING'}",MONITORING,"{""should_analyze"": false, ""combined_validation"": ""NOT_APPLICABLE""}",False,0.0,False,Other,0.0,none,-0.1954,False,Ratio em queda — sem acumulação,10_49m_range,1.5,0,0.9,3,0,0,0,20260502,0,0,False,False,NOT_APPLICABLE,False,
memecoin-2,meme,Memecoin,https://coin-images.coingecko.com/coins/images/32528/large/memecoin_%282%29.png?1698912168,0.00056112,35765966,545,38853779,37230929,0.00060948,0.00053601,-3.8348321421004e-05,-6.39704,-2570373.5892344564,-6.7048,63516387916.66666,69000000000.0,69000000000.0,0.056324,-99.00883,2024-03-04T17:30:21.569Z,0.00046386,20.35106,2026-05-28T12:25:43.677Z,,2026-06-06T13:56:43.378Z,-8.48668847313526,4.861177660485692,breakout,0.99,False,False,False,low,-6.40041,,False,False,1.0409596933576462,10_49m_range,False,"{'short_term': {'has_spike': False, 'momentum_initial': 'low', 'volume_mc_ratio': 0, 'is_candidate': False}, 'medium_term': {'persistence_days': 0, 'volume_recovery_consistent': False, 'volatility_reducing': False, 'is_emerging_leader': False}, 'long_term': {'trend_clear': False, 'sustainable_growth': False, 'consistency_score': 0, 'is_confirmed_leader': False}, 'classification': 'MONITORING'}",MONITORING,"{""should_analyze"": false, ""combined_validation"": ""NOT_APPLICABLE""}",False,0.0,False,Other,0.382,weak,0.4072,False,Sinal fraco: slope=0.4072,10_49m_range,1.5,0,0.9,4,0,0,0,20260503,0,0,False,False,NOT_APPLICABLE,False,
metronome-synth-usd,msusd,Metronome Synth USD,https://coin-images.coingecko.com/coins/images/67504/large/metronome_msusd.png?1753015705,0.995694,25999946,685,25999946,40597500,0.999411,0.994482,-0.001414680555655634,-0.14188,1110326.0,4.461,26109601.17639206,26109601.17639206,,3.43,-70.97165,2025-10-16T10:48:38.387Z,0.427862,132.82846,2025-10-09T03:53:06.683Z,,2026-06-06T13:56:55.419Z,0.037276937900048636,0.021347333918271233,breakout,0.7097,False,False,True,low,-0.14525000000000002,,False,False,1.5614455506946052,10_49m_range,False,"{'short_term': {'has_spike': False, 'momentum_initial': 'low', 'volume_mc_ratio': 0, 'is_candidate': False}, 'medium_term': {'persistence_days': 0, 'volume_recovery_consistent': False, 'volatility_reducing': False, 'is_emerging_leader': False}, 'long_term': {'trend_clear': False, 'sustainable_growth': False, 'consistency_score': 0, 'is_confirmed_leader': False}, 'classification': 'MONITORING'}",MONITORING,"{""should_analyze"": false, ""combined_validation"": ""NOT_APPLICABLE""}",False,0.0,False,Other,0.0,none,-0.0844,False,Ratio em queda — sem acumulação,10_49m_range,1.2,0,0.72,5,0,0,0,20260518,0,0,False,False,NOT_APPLICABLE,False,
dodo,dodo,DODO,https://coin-images.coingecko.com/coins/images/12651/large/dodo_logo.png?1696512458,0.01502515,15025591,937,15025591,11816178,0.01792919,0.01454768,0.00030103,2.04448,168946.0,1.13717,1000000000.0,1000000000.0,1000000000.0,8.38,-99.8196,2021-02-20T09:19:28.624Z,0.0129848,16.38393,2026-02-06T00:30:52.016Z,,2026-06-06T13:56:41.894Z,-21.96518571051671,-16.019264926117625,strong,0.9982,False,False,False,low,2.04111,,False,False,0.7864035431285199,10_49m_range,False,"{'short_term': {'has_spike': False, 'momentum_initial': 'low', 'volume_mc_ratio': 0, 'is_candidate': False}, 'medium_term': {'persistence_days': 0, 'volume_recovery_consistent': False, 'volatility_reducing': False, 'is_emerging_leader': False}, 'long_term': {'trend_clear': False, 'sustainable_growth': False, 'consistency_score': 0, 'is_confirmed_leader': False}, 'classification': 'MONITORING'}",MONITORING,"{""should_analyze"": false, ""combined_validation"": ""NOT_APPLICABLE""}",False,0.0,True,Other,0.0,none,-0.0932,False,Ratio em queda — sem acumulação,10_49m_range,1.0,0,0.6,6,0,0,0,20260514,0,0,False,False,NOT_APPLICABLE,False,
adventure-gold,agld,Adventure Gold,https://coin-images.coingecko.com/coins/images/18125/large/lpgblc4h_400x400.jpg?1696517628,0.197201,17241300,872,18306186,13337140,0.211837,0.185434,-0.008088064955456192,-3.93984,-752970.6891670935,-4.1845,87430001.0,92830001.0,96000000.0,7.7,-97.43898,2021-09-03T11:41:40.240Z,0.178306,10.6284,2026-02-06T00:22:15.894Z,,2026-06-06T13:56:42.364Z,-23.432021350210615,-9.75856124464193,strong,0.9744,False,False,False,low,-3.9432099999999997,,False,False,0.7735576783653205,10_49m_range,False,"{'short_term': {'has_spike': False, 'momentum_initial': 'low', 'volume_mc_ratio': 0, 'is_candidate': False}, 'medium_term': {'persistence_days': 0, 'volume_recovery_consistent': False, 'volatility_reducing': False, 'is_emerging_leader': False}, 'long_term': {'trend_clear': False, 'sustainable_growth': False, 'consistency_score': 0, 'is_confirmed_leader': False}, 'classification': 'MONITORING'}",MONITORING,"{""should_analyze"": false, ""combined_validation"": ""NOT_APPLICABLE""}",False,0.0,False,Other,0.649,strong,0.0306,True,"Acumulação silenciosa: slope=0.0306, consistência=46%",10_49m_range,1.0,0,0.6,7,0,0,0,20260511,0,0,False,False,NOT_APPLICABLE,False,
pha,pha,PHALA,https://coin-images.coingecko.com/coins/images/12451/large/phala.png?1696512270,0.03114799,26152723,683,31148258,20077685,0.03356187,0.03044063,-0.002008916967355157,-6.05882,-1704146.3251152597,-6.11751,839620732.2377628,1000000000.0,1000000000.0,1.39,-97.76174,2021-05-15T04:20:32.741Z,0.02120268,46.8045,2026-03-01T20:41:27.308Z,,2026-06-06T13:56:41.836Z,-13.097439693242174,-29.019578312415128,strong,0.9776,False,False,False,low,-6.06219,,False,False,0.7677091597689464,10_49m_range,False,"{'short_term': {'has_spike': False, 'momentum_initial': 'low', 'volume_mc_ratio': 0, 'is_candidate': False}, 'medium_term': {'persistence_days': 0, 'volume_recovery_consistent': False, 'volatility_reducing': False, 'is_emerging_leader': False}, 'long_term': {'trend_clear': False, 'sustainable_growth': False, 'consistency_score': 0, 'is_confirmed_leader': False}, 'classification': 'MONITORING'}",MONITORING,"{""should_analyze"": false, ""combined_validation"": ""NOT_APPLICABLE""}",False,0.0,False,Other,0.341,weak,0.0418,False,Sinal fraco: slope=0.0418,10_49m_range,1.0,0,0.6,8,0,0,0,20260510,0,0,False,False,NOT_APPLICABLE,False,
ondo-u-s-dollar-token,usdon,Ondo U.S. Dollar Token,https://coin-images.coingecko.com/coins/images/68688/large/usdon_160x160.png?1756268513,1.0,62550905,377,62550905,41159768,1.0,1.0,0.0,0.0,-893853.7407454625,-1.40887,62550905.45979569,62550905.45979569,,1.0,0.0,2025-08-27T08:45:01.644Z,1.0,0.0,2025-08-27T08:45:01.644Z,,2026-06-06T13:55:25.805Z,0.0,0.0,strong,0.0,False,False,False,low,0.53181,,False,False,0.6580203435905524,50m_range,False,"{'short_term': {'has_spike': False, 'momentum_initial': 'low', 'volume_mc_ratio': 0, 'is_candidate': False}, 'medium_term': {'persistence_days': 0, 'volume_recovery_consistent': False, 'volatility_reducing': False, 'is_emerging_leader': False}, 'long_term': {'trend_clear': False, 'sustainable_growth': False, 'consistency_score': 0, 'is_confirmed_leader': False}, 'classification': 'MONITORING'}",MONITORING,"{""should_analyze"": false, ""combined_validation"": ""NOT_APPLICABLE""}",False,0.0,False,Other,0.37,weak,0.0239,False,Sinal fraco: slope=0.0239,50m_range,0.5,0,0.3,1,0,0,0,20260506,0,0,False,False,NOT_APPLICABLE,False,
stargate-finance,stg,Stargate Finance,https://coin-images.coingecko.com/coins/images/24413/large/STG_LOGO.png?1696523595,0.202438,23804260,726,23804260,16496098,0.247746,0.20116,-0.03255550565277887,-13.8538,-3840400.4755903482,-13.89202,116953943.65476723,116953943.65476723,1000000000.0,4.14,-95.09385,2022-04-02T00:00:00.000Z,0.104476,94.48248,2025-12-31T19:01:22.813Z,,2026-06-06T13:56:49.092Z,-15.613690207150432,-2.9086731403699653,strong,0.9511,False,False,False,low,-13.85717,,False,False,0.6929893220793253,10_49m_range,False,"{'short_term': {'has_spike': False, 'momentum_initial': 'low', 'volume_mc_ratio': 0, 'is_candidate': False}, 'medium_term': {'persistence_days': 0, 'volume_recovery_consistent': False, 'volatility_reducing': False, 'is_emerging_leader': False}, 'long_term': {'trend_clear': False, 'sustainable_growth': False, 'consistency_score': 0, 'is_confirmed_leader': False}, 'classification': 'MONITORING'}",MONITORING,"{""should_analyze"": false, ""combined_validation"": ""NOT_APPLICABLE""}",False,0.0,False,Other,0.356,weak,0.0396,False,Sinal fraco: slope=0.0396,10_49m_range,0.5,0,0.3,9,0,0,0,20260510,0,0,False,False,NOT_APPLICABLE,False,
tellor,trb,Tellor Tributes,https://coin-images.coingecko.com/coins/images/9644/large/TRB-New_Logo.png?1737722143,12.99,36261843,534,37219913,23849808,13.37,12.26,-0.000301033044809884,-0.00232,-300648.7271382585,-0.82229,2791640.406155037,2865398.070066851,,593.09,-97.81425,2023-12-31T22:15:07.200Z,0.01001379,129355.33274,2019-11-01T10:00:10.047Z,,2026-06-06T13:56:46.595Z,-34.69259039030688,-21.99821186816061,strong,0.9781,False,False,False,low,-0.005690000000000001,,False,False,0.6577108615246059,10_49m_range,False,"{'short_term': {'has_spike': False, 'momentum_initial': 'low', 'volume_mc_ratio': 0, 'is_candidate': False}, 'medium_term': {'persistence_days': 0, 'volume_recovery_consistent': False, 'volatility_reducing': False, 'is_emerging_leader': False}, 'long_term': {'trend_clear': False, 'sustainable_growth': False, 'consistency_score': 0, 'is_confirmed_leader': False}, 'classification': 'MONITORING'}",MONITORING,"{""should_analyze"": false, ""combined_validation"": ""NOT_APPLICABLE""}",False,0.0,False,Other,0.535,moderate,0.0148,False,Possível acumulação: slope=0.0148,10_49m_range,0.5,0,0.3,10,0,0,0,20260509,0,0,False,False,NOT_APPLICABLE,False,
cyberconnect,cyber,CYBER,https://coin-images.coingecko.com/coins/images/31274/large/token.png?1715826754,0.354091,23731869,728,35482566,15574662,0.367122,0.331898,-0.01303049634726311,-3.54937,-852388.0423121564,-3.46721,66883183.763333336,100000000.0,100000000.0,15.79,-97.75714,2023-09-01T22:25:07.435Z,0.331898,6.68963,2026-06-06T05:05:43.221Z,,2026-06-06T13:56:43.333Z,-38.313103174554556,-22.188153392862816,strong,0.9776,False,False,False,low,-3.55274,,False,False,0.6562762503029155,10_49m_range,False,"{'short_term': {'has_spike': False, 'momentum_initial': 'low', 'volume_mc_ratio': 0, 'is_candidate': False}, 'medium_term': {'persistence_days': 0, 'volume_recovery_consistent': False, 'volatility_reducing': False, 'is_emerging_leader': False}, 'long_term': {'trend_clear': False, 'sustainable_growth': False, 'consistency_score': 0, 'is_confirmed_leader': False}, 'classification': 'MONITORING'}",MONITORING,"{""should_analyze"": false, ""combined_validation"": ""NOT_APPLICABLE""}",False,0.0,False,Other,0.576,moderate,0.0139,False,Possível acumulação: slope=0.0139,10_49m_range,0.5,0,0.3,11,0,0,0,20260506,0,0,False,False,NOT_APPLICABLE,False,True
neiro-3,neiro,Neiro,https://coin-images.coingecko.com/coins/images/39488/large/neiro.jpg?1731449567,6.359e-05,26769614,674,26769614,16359794,6.737e-05,5.921e-05,-1.707573087005e-06,-2.61492,-1096516.4867526144,-3.93494,420690000000.0,420690000000.0,420690000000.0,0.00301761,-97.88999,2024-11-12T08:05:49.038Z,2.44e-06,2511.19882,2024-08-01T07:00:23.692Z,,2026-06-06T13:56:44.173Z,-35.33582891132023,-19.641738461164685,strong,0.9789,False,False,False,low,-2.61829,,False,False,0.6111329808491075,10_49m_range,False,"{'short_term': {'has_spike': False, 'momentum_initial': 'low', 'volume_mc_ratio': 0, 'is_candidate': False}, 'medium_term': {'persistence_days': 0, 'volume_recovery_consistent': False, 'volatility_reducing': False, 'is_emerging_leader': False}, 'long_term': {'trend_clear': False, 'sustainable_growth': False, 'consistency_score': 0, 'is_confirmed_leader': False}, 'classification': 'MONITORING'}",MONITORING,"{""should_analyze"": false, ""combined_validation"": ""NOT_APPLICABLE""}",False,0.0,False,Meme,0.0,none,-0.0014,False,Ratio em queda — sem acumulação,10_49m_range,0.5,0,0.3,12,0,0,0,20260502,0,0,False,False,NOT_APPLICABLE,False,
paxos-standard,usdp,Pax Dollar,https://coin-images.coingecko.com/coins/images/6013/large/Pax_Dollar.png?1696506427,0.999525,31939048,593,31939048,17722316,1.0,0.999275,-0.000197393260914391,-0.01974,-8545.165866207331,-0.02675,31954027.03052443,31954027.03052443,,1.18,-15.62748,2024-04-16T16:20:21.365Z,0.863529,15.7443,2021-05-19T13:14:42.046Z,"{'times': -0.0004748687222219, 'currency': 'usd', 'percentage': -0.04748687222219}",2026-06-06T13:56:52.227Z,-0.025316623765026386,0.023311339475534577,strong,0.1529,False,False,False,low,-0.023110000000000002,,False,False,0.5548792813110772,10_49m_range,False,"{'short_term': {'has_spike': False, 'momentum_initial': 'low', 'volume_mc_ratio': 0, 'is_candidate': False}, 'medium_term': {'persistence_days': 0, 'volume_recovery_consistent': False, 'volatility_reducing': False, 'is_emerging_leader': False}, 'long_term': {'trend_clear': False, 'sustainable_growth': False, 'consistency_score': 0, 'is_confirmed_leader': False}, 'classification': 'MONITORING'}",MONITORING,"{""should_analyze"": false, ""combined_validation"": ""NOT_APPLICABLE""}",False,0.0,False,Other,0.49,moderate,0.0173,False,Possível acumulação: slope=0.0173,10_49m_range,0.5,0,0.3,13,0,0,0,20260502,0,0,False,False,NOT_APPLICABLE,False,
aixbt,aixbt,aixbt,https://coin-images.coingecko.com/coins/images/51784/large/3.png?1731981138,0.02069084,20586198,793,20696751,11294427,0.02200521,0.0193021,-0.000854999451996741,-3.96828,-1285244.7237336338,-5.87636,994658423.1010208,1000000000.0,1000000000.0,0.942578,-97.80171,2025-01-16T11:56:02.862Z,0.01797721,15.26036,2026-02-23T01:30:43.221Z,,2026-06-06T13:56:44.710Z,-39.413987783034585,-27.495178372335534,strong,0.978,False,False,False,low,-3.97165,,False,False,0.5486407446387138,10_49m_range,False,"{'short_term': {'has_spike': False, 'momentum_initial': 'low', 'volume_mc_ratio': 0, 'is_candidate': False}, 'medium_term': {'persistence_days': 0, 'volume_recovery_consistent': False, 'volatility_reducing': False, 'is_emerging_leader': False}, 'long_term': {'trend_clear': False, 'sustainable_growth': False, 'consistency_score': 0, 'is_confirmed_leader': False}, 'classification': 'MONITORING'}",MONITORING,"{""should_analyze"": false, ""combined_validation"": ""NOT_APPLICABLE""}",False,0.0,False,AI,0.372,weak,0.0049,False,Sinal fraco: slope=0.0049,10_49m_range,0.5,0,0.3,14,0,0,0,20260502,0,0,False,False,NOT_APPLICABLE,False,
wink,win,WINkLink,https://coin-images.coingecko.com/coins/images/9129/large/WinK.png?1696509252,1.689e-05,16781215,877,16781215,9094434,1.726e-05,1.615e-05,-3.63044773814e-07,-2.10464,-357708.6940467134,-2.08711,993701854154.286,993701859243.3864,,0.00289424,-99.41691,2021-04-05T20:24:01.448Z,1.615e-05,4.50117,2026-06-06T05:05:34.550Z,"{'times': -0.8593945039544055, 'currency': 'usd', 'percentage': -85.93945039544055}",2026-06-06T13:56:46.517Z,-19.928154862569063,-15.065536141814745,strong,0.9942,False,False,False,low,-2.1080099999999997,,False,False,0.5419413314232611,10_49m_range,False,"{'short_term': {'has_spike': False, 'momentum_initial': 'low', 'volume_mc_ratio': 0, 'is_candidate': False}, 'medium_term': {'persistence_days': 0, 'volume_recovery_consistent': False, 'volatility_reducing': False, 'is_emerging_leader': False}, 'long_term': {'trend_clear': False, 'sustainable_growth': False, 'consistency_score': 0, 'is_confirmed_leader': False}, 'classification': 'MONITORING'}",MONITORING,"{""should_analyze"": false, ""combined_validation"": ""NOT_APPLICABLE""}",False,0.0,False,Other,0.342,weak,0.0604,False,Sinal fraco: slope=0.0604,10_49m_range,0.5,0,0.3,15,0,0,0,20260502,0,0,False,False,NOT_APPLICABLE,False,
kyber-network-crystal,knc,Kyber Network Crystal,https://coin-images.coingecko.com/coins/images/14899/large/RwdVsGcw_400x400.jpg?1696514562,0.117105,19925620,807,28217394,10396907,0.119808,0.108312,0.00569526,5.112,902782.0,4.74578,170152851.23024455,240959633.272538,252301550.0,5.7,-97.94137,2022-04-29T00:29:36.976Z,0.108312,8.24341,2026-06-05T16:15:22.694Z,,2026-06-06T13:56:55.809Z,-22.093358248678967,-15.779650392365161,strong,0.9795,False,False,False,low,5.10863,,False,False,0.5217858716566912,10_49m_range,False,"{'short_term': {'has_spike': False, 'momentum_initial': 'low', 'volume_mc_ratio': 0, 'is_candidate': False}, 'medium_term': {'persistence_days': 0, 'volume_recovery_consistent': False, 'volatility_reducing': False, 'is_emerging_leader': False}, 'long_term': {'trend_clear': False, 'sustainable_growth': False, 'consistency_score': 0, 'is_confirmed_leader': False}, 'classification': 'MONITORING'}",MONITORING,"{""should_analyze"": false, ""combined_validation"": ""NOT_APPLICABLE""}",False,0.0,False,Other,0.0,none,-0.034,False,Ratio em queda — sem acumulação,10_49m_range,0.5,0,0.3,16,0,0,0,20260510,0,0,False,False,NOT_APPLICABLE,False,True
eurite,euri,Eurite,https://coin-images.coingecko.com/coins/images/39952/large/EURI.jpg?1724902829,1.15,57111681,401,57111681,27287489,1.16,1.15,-0.005912726740970875,-0.51107,-258895.3598670289,-0.45127,49618527.99990108,49618527.99990108,,1.21,-4.69311,2026-01-27T20:51:03.671Z,1.008,14.13052,2025-01-13T14:36:52.913Z,,2026-06-06T13:55:23.892Z,-2.1575306394424785,-1.3129241888419165,early_accumulation,0.0496,False,False,False,low,0.02073999999999998,,False,False,0.4777917323077918,50m_range,False,"{'short_term': {'has_spike': False, 'momentum_initial': 'low', 'volume_mc_ratio': 0, 'is_candidate': False}, 'medium_term': {'persistence_days': 0, 'volume_recovery_consistent': False, 'volatility_reducing': False, 'is_emerging_leader': False}, 'long_term': {'trend_clear': False, 'sustainable_growth': False, 'consistency_score': 0, 'is_confirmed_leader': False}, 'classification': 'MONITORING'}",MONITORING,"{""should_analyze"": false, ""combined_validation"": ""NOT_APPLICABLE""}",False,0.0,False,Other,0.0,none,0.0,False,Apenas 2 snapshots (mínimo 3),50m_range,0.0,0,0.0,2,0,0,0,20260603,0,0,False,False,NOT_APPLICABLE,False,
bio-protocol,bio,Bio Protocol,https://coin-images.coingecko.com/coins/images/53022/large/bio.jpg?1735011002,0.02605484,55909559,408,86534834,24173520,0.02676096,0.02454151,-0.000452530707101859,-1.70719,-1366939.3907274455,-2.38656,2145029070.25,3320000000.0,3320000000.0,0.888995,-97.06542,2025-01-03T13:16:10.915Z,0.01589991,64.0783,2026-03-29T22:55:40.552Z,,2026-06-06T13:55:24.516Z,-45.092246165939066,-15.342793900746202,early_accumulation,0.9707,False,False,False,low,-1.17538,,False,False,0.43236828249709497,50m_range,False,"{'short_term': {'has_spike': False, 'momentum_initial': 'low', 'volume_mc_ratio': 0, 'is_candidate': False}, 'medium_term': {'persistence_days': 0, 'volume_recovery_consistent': False, 'volatility_reducing': False, 'is_emerging_leader': False}, 'long_term': {'trend_clear': False, 'sustainable_growth': False, 'consistency_score': 0, 'is_confirmed_leader': False}, 'classification': 'MONITORING'}",MONITORING,"{""should_analyze"": false, ""combined_validation"": ""NOT_APPLICABLE""}",False,0.0,False,Other,0.246,weak,0.0221,False,Sinal fraco: slope=0.0221,50m_range,0.0,0,0.0,3,0,0,0,20260513,0,0,False,False,NOT_APPLICABLE,False,True
ordinals,ordi,ORDI,https://coin-images.coingecko.com/coins/images/30162/large/ordi.png?1696529082,2.98,62732035,374,62732035,26451947,3.06,2.75,-0.06381041675658583,-2.096,-1482789.2258142158,-2.30911,21000000.0,21000000.0,,95.52,-96.86975,2024-03-05T01:45:22.816Z,2.12,40.97022,2026-03-29T22:55:07.807Z,,2026-06-06T13:55:22.712Z,-43.93944720324679,-12.145151220346808,early_accumulation,0.9688,False,False,False,low,-1.56419,,False,False,0.42166569281548094,50m_range,False,"{'short_term': {'has_spike': False, 'momentum_initial': 'low', 'volume_mc_ratio': 0, 'is_candidate': False}, 'medium_term': {'persistence_days': 0, 'volume_recovery_consistent': False, 'volatility_reducing': False, 'is_emerging_leader': False}, 'long_term': {'trend_clear': False, 'sustainable_growth': False, 'consistency_score': 0, 'is_confirmed_leader': False}, 'classification': 'MONITORING'}",MONITORING,"{""should_analyze"": false, ""combined_validation"": ""NOT_APPLICABLE""}",False,0.0,False,Other,0.569,moderate,0.0156,False,Possível acumulação: slope=0.0156,50m_range,0.0,0,0.0,4,0,0,0,20260512,0,0,False,False,NOT_APPLICABLE,False,
wormhole,w,Wormhole,https://coin-images.coingecko.com/coins/images/35087/large/W_Token_%283%29.png?1758122686,0.00951581,56780760,402,95271544,22503917,0.0099519,0.00888255,-0.000436088750237755,-4.38197,-2232150.396280527,-3.78248,5959886650.0,10000000000.0,10000000000.0,1.66,-99.42477,2024-04-03T11:46:35.308Z,0.00888255,7.35365,2026-06-06T05:05:22.872Z,,2026-06-06T13:55:23.667Z,-34.81869005801518,-18.7521008111868,early_accumulation,0.9943,False,False,False,low,-3.85016,,False,False,0.3963299716312357,50m_range,False,"{'short_term': {'has_spike': False, 'momentum_initial': 'low', 'volume_mc_ratio': 0, 'is_candidate': False}, 'medium_term': {'persistence_days': 0, 'volume_recovery_consistent': False, 'volatility_reducing': False, 'is_emerging_leader': False}, 'long_term': {'trend_clear': False, 'sustainable_growth': False, 'consistency_score': 0, 'is_confirmed_leader': False}, 'classification': 'MONITORING'}",MONITORING,"{""should_analyze"": false, ""combined_validation"": ""NOT_APPLICABLE""}",False,0.0,False,Other,0.441,moderate,0.0015,False,Possível acumulação: slope=0.0015,50m_range,0.0,0,0.0,5,0,0,0,20260509,0,0,False,False,NOT_APPLICABLE,False,True
based-brett,brett,Brett,https://coin-images.coingecko.com/coins/images/35529/large/1000050750.png?1709031995,0.00515464,51088458,435,51088458,19455212,0.00543847,0.00491229,-0.000134985924180421,-2.5519,-1459815.81212233,-2.77805,9909606183.6009,9909606183.6009,9999998988.0,0.234204,-97.76682,2024-12-01T16:31:18.357Z,0.00084753,517.11183,2024-02-29T08:40:24.951Z,,2026-06-06T13:55:23.609Z,-41.01424518586369,-23.58851116887385,early_accumulation,0.978,False,False,False,low,-2.0200899999999997,,False,False,0.38081423400956826,50m_range,False,"{'short_term': {'has_spike': False, 'momentum_initial': 'low', 'volume_mc_ratio': 0, 'is_candidate': False}, 'medium_term': {'persistence_days': 0, 'volume_recovery_consistent': False, 'volatility_reducing': False, 'is_emerging_leader': False}, 'long_term': {'trend_clear': False, 'sustainable_growth': False, 'consistency_score': 0, 'is_confirmed_leader': False}, 'classification': 'MONITORING'}",MONITORING,"{""should_analyze"": false, ""combined_validation"": ""NOT_APPLICABLE""}",False,0.0,False,Meme,0.603,strong,0.0237,True,"Acumulação silenciosa: slope=0.0237, consistência=44%",50m_range,0.0,0,0.0,6,0,0,0,20260510,0,0,False,False,NOT_APPLICABLE,False,
comedian,ban,Comedian,https://coin-images.coingecko.com/coins/images/51100/large/ban.jpg?1730085215,0.060905,60904689,385,60904689,21794962,0.077319,0.058268,-0.012666131673472053,-17.21628,-12956679.797883652,-17.54189,999961859.27,999961859.27,1000000000.0,0.37799,-83.80811,2024-11-18T09:35:57.385Z,0.00929085,558.75254,2024-10-29T04:34:36.529Z,,2026-06-06T13:55:24.166Z,-11.204468493917236,-9.147846040992748,early_accumulation,0.8389,False,False,False,low,-16.68447,,False,False,0.3578535964611854,50m_range,False,"{'short_term': {'has_spike': False, 'momentum_initial': 'low', 'volume_mc_ratio': 0, 'is_candidate': False}, 'medium_term': {'persistence_days': 0, 'volume_recovery_consistent': False, 'volatility_reducing': False, 'is_emerging_leader': False}, 'long_term': {'trend_clear': False, 'sustainable_growth': False, 'consistency_score': 0, 'is_confirmed_leader': False}, 'classification': 'MONITORING'}",MONITORING,"{""should_analyze"": false, ""combined_validation"": ""NOT_APPLICABLE""}",False,0.0,False,Other,0.0,none,0.0,False,Apenas 1 snapshots (mínimo 3),50m_range,0.0,0,0.0,7,0,0,0,20260604,0,0,False,False,NOT_APPLICABLE,False,
degen-base,degen,Degen,https://coin-images.coingecko.com/coins/images/34515/large/android-chrome-512x512.png?1706198225,0.00159762,58880774,393,58880774,20151620,0.00165475,0.00112148,0.00032794,25.82821,11953556.0,25.47254,36965730333.0,36965730333.0,,0.064543,-97.50719,2024-03-31T20:22:27.147Z,2.255e-05,7034.53228,2024-01-15T05:47:46.931Z,,2026-06-06T13:55:23.341Z,121.99783846798896,85.38644915287205,early_accumulation,0.9752,False,False,False,low,26.36002,,True,True,0.3422444820443427,50m_range,False,"{'short_term': {'has_spike': False, 'momentum_initial': 'low', 'volume_mc_ratio': 0, 'is_candidate': False}, 'medium_term': {'persistence_days': 0, 'volume_recovery_consistent': False, 'volatility_reducing': False, 'is_emerging_leader': False}, 'long_term': {'trend_clear': False, 'sustainable_growth': False, 'consistency_score': 0, 'is_confirmed_leader': False}, 'classification': 'MONITORING'}",MONITORING,"{""should_analyze"": false, ""combined_validation"": ""NOT_APPLICABLE""}",False,0.0,False,Other,0.0,none,-0.0289,False,Ratio em queda — sem acumulação,50m_range,0.0,0,0.0,8,0,0,0,20260514,0,0,False,False,NOT_APPLICABLE,True,
orca,orca,Orca,https://coin-images.coingecko.com/coins/images/17547/large/Orca_Logo.png?1696517083,1.016,61762130,381,76187906,18430855,1.055,0.96766,-0.0314753895784774,-3.00594,-1748464.520448275,-2.75303,60798786.258395,74999554.595534,100000000.0,20.33,-95.00544,2021-10-02T20:14:11.766Z,0.351125,189.21431,2022-06-19T19:34:08.830Z,,2026-06-06T13:55:22.075Z,-35.92841804318721,-20.46023352196312,early_accumulation,0.95,False,False,False,low,-2.4741299999999997,,False,False,0.29841676444772874,50m_range,False,"{'short_term': {'has_spike': False, 'momentum_initial': 'low', 'volume_mc_ratio': 0, 'is_candidate': False}, 'medium_term': {'persistence_days': 0, 'volume_recovery_consistent': False, 'volatility_reducing': False, 'is_emerging_leader': False}, 'long_term': {'trend_clear': False, 'sustainable_growth': False, 'consistency_score': 0, 'is_confirmed_leader': False}, 'classification': 'MONITORING'}",MONITORING,"{""should_analyze"": false, ""combined_validation"": ""NOT_APPLICABLE""}",False,0.0,False,Other,0.0,none,-0.0369,False,Ratio em queda — sem acumulação,50m_range,0.0,0,0.0,9,0,0,0,20260512,0,0,False,False,NOT_APPLICABLE,False,
turbo,turbo,Turbo,https://coin-images.coingecko.com/coins/images/30117/large/TurboMark-QL_200.png?1708079597,0.00084243,58108669,398,58108669,15554994,0.00087275,0.00078137,-2.3535131737131e-05,-2.71779,-1864562.9345073327,-3.10899,69000000000.0,69000000000.0,69000000000.0,0.01431669,-94.1377,2024-12-11T21:52:05.500Z,6.518e-05,1187.66206,2023-09-26T21:46:54.834Z,,2026-06-06T13:55:22.989Z,-35.93403937375635,-22.016773119559186,early_accumulation,0.9412,False,False,False,low,-2.18598,,False,False,0.26768801054451963,50m_range,False,"{'short_term': {'has_spike': False, 'momentum_initial': 'low', 'volume_mc_ratio': 0, 'is_candidate': False}, 'medium_term': {'persistence_days': 0, 'volume_recovery_consistent': False, 'volatility_reducing': False, 'is_emerging_leader': False}, 'long_term': {'trend_clear': False, 'sustainable_growth': False, 'consistency_score': 0, 'is_confirmed_leader': False}, 'classification': 'MONITORING'}",MONITORING,"{""should_analyze"": false, ""combined_validation"": ""NOT_APPLICABLE""}",False,0.0,False,Meme,0.0,none,-0.0019,False,Ratio em queda — sem acumulação,50m_range,0.0,0,0.0,10,0,0,0,20260513,0,0,False,False,NOT_APPLICABLE,False,
zencash,zen,Horizen,https://coin-images.coingecko.com/coins/images/691/large/Horizen2.0-logo_icon-on-yellow_%281%29.png?1751696763,4.07,73731623,328,85538678,17950503,4.37,3.96,-0.16093997834471896,-3.80377,-4214029.685997933,-5.40637,18101332.87278685,21000000.0,21000000.0,165.92,-97.54639,2021-05-08T06:00:30.087Z,3.26,24.7035,2019-10-17T00:00:00.000Z,,2026-06-06T13:55:26.003Z,-43.937031118923656,-29.16254561927626,early_accumulation,0.9755,False,False,False,low,-3.27196,,False,False,0.24345731545879576,50m_range,False,"{'short_term': {'has_spike': False, 'momentum_initial': 'low', 'volume_mc_ratio': 0, 'is_candidate': False}, 'medium_term': {'persistence_days': 0, 'volume_recovery_consistent': False, 'volatility_reducing': False, 'is_emerging_leader': False}, 'long_term': {'trend_clear': False, 'sustainable_growth': False, 'consistency_score': 0, 'is_confirmed_leader': False}, 'classification': 'MONITORING'}",MONITORING,"{""should_analyze"": false, ""combined_validation"": ""NOT_APPLICABLE""}",False,0.0,False,Other,0.0,none,0.0,False,Apenas 2 snapshots (mínimo 3),50m_range,0.0,0,0.0,11,0,0,0,20260604,0,0,False,False,NOT_APPLICABLE,False,
zilliqa,zil,Zilliqa,https://coin-images.coingecko.com/coins/images/2687/large/Zilliqa-logo.png?1696503475,0.00303445,59201722,391,62118510,13269303,0.00316588,0.00289057,-0.000131433473577371,-4.15156,-2673592.3629375547,-4.32094,19513551525.0,20474957557.40658,21000000000.0,0.255376,-98.81163,2021-05-06T17:33:45.940Z,0.00239616,26.65279,2020-03-13T02:22:55.161Z,"{'times': -0.7697740396252409, 'currency': 'eth', 'percentage': -76.9774039625241}",2026-06-06T13:55:22.992Z,-29.391833459841386,-19.869234334711834,early_accumulation,0.9881,False,False,False,low,-3.61975,,False,False,0.22413711209278675,50m_range,False,"{'short_term': {'has_spike': False, 'momentum_initial': 'low', 'volume_mc_ratio': 0, 'is_candidate': False}, 'medium_term': {'persistence_days': 0, 'volume_recovery_consistent': False, 'volatility_reducing': False, 'is_emerging_leader': False}, 'long_term': {'trend_clear': False, 'sustainable_growth': False, 'consistency_score': 0, 'is_confirmed_leader': False}, 'classification': 'MONITORING'}",MONITORING,"{""should_analyze"": false, ""combined_validation"": ""NOT_APPLICABLE""}",False,0.0,False,Other,0.0,none,0.0,False,Apenas 2 snapshots (mínimo 3),50m_range,0.0,0,0.0,12,0,0,0,20260531,0,0,False,False,NOT_APPLICABLE,False,
useless-3,useless,Useless Coin,https://coin-images.coingecko.com/coins/images/55684/large/coingeckoupdate.png?1755203747,0.065409,65421327,363,65421327,14432234,0.071334,0.062443,-0.005925494490513453,-8.30668,-6099350.042724237,-8.52809,999940362.02,999940362.02,1000000000.0,0.434591,-84.87688,2025-10-14T14:50:41.608Z,0.00519952,1164.03359,2025-06-05T11:05:59.234Z,,2026-06-06T13:55:25.217Z,32.18425791300242,-11.907951791041269,early_accumulation,0.8495,False,False,False,low,-7.77487,,False,False,0.22060442155201163,50m_range,False,"{'short_term': {'has_spike': False, 'momentum_initial': 'low', 'volume_mc_ratio': 0, 'is_candidate': False}, 'medium_term': {'persistence_days': 0, 'volume_recovery_consistent': False, 'volatility_reducing': False, 'is_emerging_leader': False}, 'long_term': {'trend_clear': False, 'sustainable_growth': False, 'consistency_score': 0, 'is_confirmed_leader': False}, 'classification': 'MONITORING'}",MONITORING,"{""should_analyze"": false, ""combined_validation"": ""NOT_APPLICABLE""}",False,0.0,False,Other,0.0,none,-0.0174,False,Ratio em queda — sem acumulação,50m_range,0.0,0,0.0,13,0,0,0,20260506,0,0,False,False,NOT_APPLICABLE,False,
arkham,arkm,Arkham,https://coin-images.coingecko.com/coins/images/30929/large/Arkham_Logo_CG.png?1696529771,0.113347,72701554,335,113447924,15288165,0.121216,0.106864,-0.007694579831606888,-6.35699,-5239560.454382211,-6.72246,640836360.0,1000000000.0,1000000000.0,3.98,-97.15529,2024-03-10T00:04:54.733Z,0.091695,23.35186,2026-04-05T17:12:39.193Z,,2026-06-06T13:55:22.986Z,-14.157143920207957,-19.35675617194629,early_accumulation,0.9715,False,False,False,low,-5.82518,,False,False,0.21028663293772235,50m_range,False,"{'short_term': {'has_spike': False, 'momentum_initial': 'low', 'volume_mc_ratio': 0, 'is_candidate': False}, 'medium_term': {'persistence_days': 0, 'volume_recovery_consistent': False, 'volatility_reducing': False, 'is_emerging_leader': False}, 'long_term': {'trend_clear': False, 'sustainable_growth': False, 'consistency_score': 0, 'is_confirmed_leader': False}, 'classification': 'MONITORING'}",MONITORING,"{""should_analyze"": false, ""combined_validation"": ""NOT_APPLICABLE""}",False,0.0,False,AI,0.0,none,-0.0076,False,Ratio em queda — sem acumulação,50m_range,0.0,0,0.0,14,0,0,0,20260513,0,0,False,False,NOT_APPLICABLE,False,True
yearn-finance,yfi,yearn.finance,https://coin-images.coingecko.com/coins/images/11849/large/yearn.jpg?1696511720,1771.97,63505693,370,65012932,13297306,1934.53,1687.73,-162.55994328297925,-8.40308,-5878897.894630812,-8.47292,35815.94701468851,36666.0,36666.0,90787.0,-98.04364,2021-05-12T00:29:37.713Z,31.65,5512.60688,2020-07-18T12:26:27.150Z,,2026-06-06T13:55:21.739Z,-35.0423556759069,-22.531421678337534,early_accumulation,0.9805,False,False,False,low,-7.871269999999999,,False,False,0.20938762135860797,50m_range,False,"{'short_term': {'has_spike': False, 'momentum_initial': 'low', 'volume_mc_ratio': 0, 'is_candidate': False}, 'medium_term': {'persistence_days': 0, 'volume_recovery_consistent': False, 'volatility_reducing': False, 'is_emerging_leader': False}, 'long_term': {'trend_clear': False, 'sustainable_growth': False, 'consistency_score': 0, 'is_confirmed_leader': False}, 'classification': 'MONITORING'}",MONITORING,"{""should_analyze"": false, ""combined_validation"": ""NOT_APPLICABLE""}",False,0.0,False,DeFi,0.0,none,0.0,False,Apenas 0 snapshots (mínimo 3),50m_range,0.0,0,0.0,15,0,0,0,20260606,0,0,False,False,NOT_APPLICABLE,False,
kusama,ksm,Kusama,https://coin-images.coingecko.com/coins/images/9568/large/m4zRhP5e_400x400.jpg?1696509648,3.6,65919867,361,65922123,13657269,3.7,3.4,-0.05558170788795058,-1.51987,-833265.675380595,-1.24828,18320954.76181861,18321581.81772765,,621.71,-99.42195,2021-05-18T05:04:41.858Z,0.876572,309.97821,2020-01-14T19:20:20.768Z,,2026-06-06T13:55:26.504Z,-38.17251813129793,-20.693738547406078,early_accumulation,0.9942,False,False,False,low,-0.98806,,False,False,0.20717986278704112,50m_range,False,"{'short_term': {'has_spike': False, 'momentum_initial': 'low', 'volume_mc_ratio': 0, 'is_candidate': False}, 'medium_term': {'persistence_days': 0, 'volume_recovery_consistent': False, 'volatility_reducing': False, 'is_emerging_leader': False}, 'long_term': {'trend_clear': False, 'sustainable_growth': False, 'consistency_score': 0, 'is_confirmed_leader': False}, 'classification': 'MONITORING'}",MONITORING,"{""should_analyze"": false, ""combined_validation"": ""NOT_APPLICABLE""}",False,0.0,False,Other,0.0,none,0.0,False,Apenas 1 snapshots (mínimo 3),50m_range,0.0,0,0.0,16,0,0,0,20260604,0,0,False,False,NOT_APPLICABLE,False,
melania-meme,melania,Melania Meme,https://coin-images.coingecko.com/coins/images/53775/large/melania-meme.png?1737329885,0.071212,67878444,350,71263453,14055958,0.073861,0.066187,-0.00264906912203719,-3.58656,-2586575.9250824004,-3.67072,952496375.911841,999996119.7609,1000000000.0,13.05,-99.45909,2025-01-20T07:00:55.462Z,0.066187,6.667,2026-06-06T05:05:24.044Z,,2026-06-06T13:55:24.637Z,-34.97180235567106,-24.24553158951304,early_accumulation,0.9945,False,False,False,low,-3.05475,,False,False,0.20707543030892106,50m_range,False,"{'short_term': {'has_spike': False, 'momentum_initial': 'low', 'volume_mc_ratio': 0, 'is_candidate': False}, 'medium_term': {'persistence_days': 0, 'volume_recovery_consistent': False, 'volatility_reducing': False, 'is_emerging_leader': False}, 'long_term': {'trend_clear': False, 'sustainable_growth': False, 'consistency_score': 0, 'is_confirmed_leader': False}, 'classification': 'MONITORING'}",MONITORING,"{""should_analyze"": false, ""combined_validation"": ""NOT_APPLICABLE""}",False,0.0,False,Other,0.0,none,0.0,False,Apenas 0 snapshots (mínimo 3),50m_range,0.0,0,0.0,17,0,0,0,20260606,0,0,False,False,NOT_APPLICABLE,False,
plume,plume,Plume,https://coin-images.coingecko.com/coins/images/53623/large/plume-token.png?1736896935,0.01125094,64784498,365,112518451,13332713,0.01187721,0.01053031,-0.000409667646335271,-3.51326,-2898366.82899072,-4.28228,5757677709.0,10000000000.0,10000000000.0,0.247537,-95.43492,2025-03-19T22:25:55.148Z,0.00854877,32.1856,2026-02-28T10:16:31.882Z,,2026-06-06T13:55:24.468Z,-12.238761197182429,-11.53720807516904,early_accumulation,0.9545,False,False,False,low,-2.9814499999999997,,False,False,0.20580097726465366,50m_range,False,"{'short_term': {'has_spike': False, 'momentum_initial': 'low', 'volume_mc_ratio': 0, 'is_candidate': False}, 'medium_term': {'persistence_days': 0, 'volume_recovery_consistent': False, 'volatility_reducing': False, 'is_emerging_leader': False}, 'long_term': {'trend_clear': False, 'sustainable_growth': False, 'consistency_score': 0, 'is_confirmed_leader': False}, 'classification': 'MONITORING'}",MONITORING,"{""should_analyze"": false, ""combined_validation"": ""NOT_APPLICABLE""}",False,0.0,False,Other,0.0,none,-0.0477,False,Ratio em queda — sem acumulação,50m_range,0.0,0,0.0,18,0,0,0,20260523,0,0,False,False,NOT_APPLICABLE,False,True
dogs-2,dogs,Dogs,https://coin-images.coingecko.com/coins/images/39699/large/dogs_logo_200x200.png?1723687163,3.903e-05,20210722,803,21511170,9575232,4.006e-05,3.664e-05,-2.78709454721e-07,-0.70909,-330296.940859776,-1.60799,516750000000.0,550000000000.0,550000000000.0,0.00163299,-97.60637,2024-08-28T10:10:46.492Z,2.375e-05,64.57717,2026-02-28T12:15:13.471Z,,2026-06-06T13:56:44.003Z,-52.93933383389767,-17.43144813374595,early_accumulation,0.9761,False,False,False,low,-0.71246,,False,False,0.47376991282152114,10_49m_range,False,"{'short_term': {'has_spike': False, 'momentum_initial': 'low', 'volume_mc_ratio': 0, 'is_candidate': False}, 'medium_term': {'persistence_days': 0, 'volume_recovery_consistent': False, 'volatility_reducing': False, 'is_emerging_leader': False}, 'long_term': {'trend_clear': False, 'sustainable_growth': False, 'consistency_score': 0, 'is_confirmed_leader': False}, 'classification': 'MONITORING'}",MONITORING,"{""should_analyze"": false, ""combined_validation"": ""NOT_APPLICABLE""}",False,0.0,False,Meme,0.0,none,-0.0525,False,Ratio em queda — sem acumulação,10_49m_range,0.0,0,0.0,17,0,0,0,20260502,0,0,False,False,NOT_APPLICABLE,False,
giggle-fund,giggle,Giggle Fund,https://coin-images.coingecko.com/coins/images/69414/large/giggle-fund.jpg?1758541887,26.43,26428174,681,26428174,12518103,26.43,23.78,1.18,4.65636,913784.0,3.58145,1000000.0,1000000.0,1000000.0,274.54,-90.50257,2025-10-25T04:05:48.420Z,8.64,201.7087,2025-09-25T16:01:24.440Z,,2026-06-06T13:56:45.988Z,-26.36775717276571,-11.245023487697868,early_accumulation,0.9037,False,False,False,low,4.65299,,False,False,0.4736650742499274,10_49m_range,False,"{'short_term': {'has_spike': False, 'momentum_initial': 'low', 'volume_mc_ratio': 0, 'is_candidate': False}, 'medium_term': {'persistence_days': 0, 'volume_recovery_consistent': False, 'volatility_reducing': False, 'is_emerging_leader': False}, 'long_term': {'trend_clear': False, 'sustainable_growth': False, 'consistency_score': 0, 'is_confirmed_leader': False}, 'classification': 'MONITORING'}",MONITORING,"{""should_analyze"": false, ""combined_validation"": ""NOT_APPLICABLE""}",False,0.0,False,Other,0.0,none,-0.0015,False,Ratio em queda — sem acumulação,10_49m_range,0.0,0,0.0,18,0,0,0,20260504,0,0,False,False,NOT_APPLICABLE,False,
aevo-exchange,aevo,Aevo,https://coin-images.coingecko.com/coins/images/35893/large/aevo.png?1710138340,0.01905973,17509660,864,19091545,8263451,0.01989183,0.01804909,-0.000631365012767806,-3.20635,-794631.8137518279,-4.34123,917142103.5823702,1000000000.0,1000000000.0,3.76,-99.4922,2024-03-28T00:05:46.673Z,0.01804909,5.68287,2026-06-06T05:06:03.901Z,,2026-06-06T13:56:44.345Z,-36.13474856525238,-21.018771539681946,early_accumulation,0.9949,False,False,False,low,-3.20972,,False,False,0.47193669094659746,10_49m_range,False,"{'short_term': {'has_spike': False, 'momentum_initial': 'low', 'volume_mc_ratio': 0, 'is_candidate': False}, 'medium_term': {'persistence_days': 0, 'volume_recovery_consistent': False, 'volatility_reducing': False, 'is_emerging_leader': False}, 'long_term': {'trend_clear': False, 'sustainable_growth': False, 'consistency_score': 0, 'is_confirmed_leader': False}, 'classification': 'MONITORING'}",MONITORING,"{""should_analyze"": false, ""combined_validation"": ""NOT_APPLICABLE""}",False,0.0,False,Other,0.0,none,-0.0018,False,Ratio em queda — sem acumulação,10_49m_range,0.0,0,0.0,19,0,0,0,20260510,0,0,False,False,NOT_APPLICABLE,False,
milk-alliance,mlk,MiL.k,https://coin-images.coingecko.com/coins/images/11978/large/2.png?1696511836,0.0370577,20523271,797,36570715,9562960,0.04098424,0.03550258,0.0013447,3.76528,733664.0,3.70732,553475159.0,986245419.0,1300000000.0,3.59,-98.96535,2021-04-05T15:10:26.250Z,0.03550258,4.61933,2026-06-05T19:16:01.267Z,,2026-06-06T13:56:56.366Z,-30.38410281871932,-20.277399340052384,early_accumulation,0.9897,False,False,False,low,3.7619100000000003,,False,False,0.4659569130086525,10_49m_range,False,"{'short_term': {'has_spike': False, 'momentum_initial': 'low', 'volume_mc_ratio': 0, 'is_candidate': False}, 'medium_term': {'persistence_days': 0, 'volume_recovery_consistent': False, 'volatility_reducing': False, 'is_emerging_leader': False}, 'long_term': {'trend_clear': False, 'sustainable_growth': False, 'consistency_score': 0, 'is_confirmed_leader': False}, 'classification': 'MONITORING'}",MONITORING,"{""should_analyze"": false, ""combined_validation"": ""NOT_APPLICABLE""}",False,0.0,False,Other,0.713,strong,0.072,True,"Acumulação silenciosa: slope=0.0720, consistência=25%",10_49m_range,0.0,0,0.0,20,0,0,0,20260529,0,0,False,False,NOT_APPLICABLE,False,True
yield-guild-games,ygg,Yield Guild Games,https://coin-images.coingecko.com/coins/images/17358/large/Shield_Mark_-_Colored_-_Iridescent.png?1696516909,0.02534634,18849683,829,25346338,8584538,0.02667619,0.02374011,-0.000773325708252507,-2.9607,-594166.4772063978,-3.05581,743684676.9520156,1000000000.0,1000000000.0,11.17,-99.77365,2021-11-20T16:49:03.371Z,0.02374011,6.5152,2026-06-06T05:06:02.408Z,,2026-06-06T13:56:45.669Z,-42.49854928912305,-27.903827695392152,early_accumulation,0.9977,False,False,False,low,-2.96407,,False,False,0.4554208152996525,10_49m_range,False,"{'short_term': {'has_spike': False, 'momentum_initial': 'low', 'volume_mc_ratio': 0, 'is_candidate': False}, 'medium_term': {'persistence_days': 0, 'volume_recovery_consistent': False, 'volatility_reducing': False, 'is_emerging_leader': False}, 'long_term': {'trend_clear': False, 'sustainable_growth': False, 'consistency_score': 0, 'is_confirmed_leader': False}, 'classification': 'MONITORING'}",MONITORING,"{""should_analyze"": false, ""combined_validation"": ""NOT_APPLICABLE""}",False,0.0,False,Gaming,0.54,moderate,0.015,False,Possível acumulação: slope=0.0150,10_49m_range,0.0,0,0.0,21,0,0,0,20260512,0,0,False,False,NOT_APPLICABLE,False,True
liquity,lqty,Liquity,https://coin-images.coingecko.com/coins/images/14665/large/logo_V2.png?1725437146,0.201575,19875252,810,20132307,9026964,0.208518,0.189841,-0.003538480692562546,-1.72513,-440779.6272755563,-2.16961,98723174.30356926,100000000.0,100000000.0,146.94,-99.86357,2021-04-05T21:48:37.754Z,0.189841,5.59881,2026-06-06T05:05:41.671Z,,2026-06-06T13:57:01.501Z,-38.74721533292113,-21.778535070184212,early_accumulation,0.9986,False,False,False,low,-1.7285000000000001,,False,False,0.4541811092508412,10_49m_range,False,"{'short_term': {'has_spike': False, 'momentum_initial': 'low', 'volume_mc_ratio': 0, 'is_candidate': False}, 'medium_term': {'persistence_days': 0, 'volume_recovery_consistent': False, 'volatility_reducing': False, 'is_emerging_leader': False}, 'long_term': {'trend_clear': False, 'sustainable_growth': False, 'consistency_score': 0, 'is_confirmed_leader': False}, 'classification': 'MONITORING'}",MONITORING,"{""should_analyze"": false, ""combined_validation"": ""NOT_APPLICABLE""}",False,0.0,False,Other,0.793,strong,0.0514,True,"Acumulação silenciosa: slope=0.0514, consistência=57%",10_49m_range,0.0,0,0.0,22,0,0,0,20260517,0,0,False,False,NOT_APPLICABLE,False,
across-protocol,acx,Across Protocol,https://coin-images.coingecko.com/coins/images/28161/large/across-200x200.png?1696527165,0.04037152,28521088,642,40475100,12818519,0.0417097,0.03822917,-0.000476814617765373,-1.16728,-243293.17114150152,-0.84581,704657633.0,1000000000.0,1000000000.0,1.69,-97.59306,2024-12-06T13:25:33.957Z,0.03124001,30.11557,2026-02-28T10:10:18.485Z,,2026-06-06T13:56:43.003Z,-12.814480307995996,-4.941993337831783,early_accumulation,0.9761,False,False,False,low,-1.1706500000000002,,False,False,0.4494400423995045,10_49m_range,False,"{'short_term': {'has_spike': False, 'momentum_initial': 'low', 'volume_mc_ratio': 0, 'is_candidate': False}, 'medium_term': {'persistence_days': 0, 'volume_recovery_consistent': False, 'volatility_reducing': False, 'is_emerging_leader': False}, 'long_term': {'trend_clear': False, 'sustainable_growth': False, 'consistency_score': 0, 'is_confirmed_leader': False}, 'classification': 'MONITORING'}",MONITORING,"{""should_analyze"": false, ""combined_validation"": ""NOT_APPLICABLE""}",False,0.0,False,Other,0.0,none,0.0,False,Apenas 2 snapshots (mínimo 3),10_49m_range,0.0,0,0.0,23,0,0,0,20260604,0,0,False,False,NOT_APPLICABLE,False,True
usual,usual,Usual,https://coin-images.coingecko.com/coins/images/51091/large/USUAL.jpg?1730035787,0.00932072,16693164,882,17086641,7086884,0.01004637,0.00878766,-0.000614769897158494,-6.18762,-1342467.8366654553,-7.44342,1790016387.4638243,1832209094.085583,3000000000.0,1.61,-99.42179,2024-12-20T06:22:16.452Z,0.00878766,5.955,2026-06-06T05:05:23.660Z,,2026-06-06T13:56:44.495Z,-40.210113268182134,-28.178644479619138,early_accumulation,0.9942,False,False,False,low,-6.19099,,False,False,0.42453809235924356,10_49m_range,False,"{'short_term': {'has_spike': False, 'momentum_initial': 'low', 'volume_mc_ratio': 0, 'is_candidate': False}, 'medium_term': {'persistence_days': 0, 'volume_recovery_consistent': False, 'volatility_reducing': False, 'is_emerging_leader': False}, 'long_term': {'trend_clear': False, 'sustainable_growth': False, 'consistency_score': 0, 'is_confirmed_leader': False}, 'classification': 'MONITORING'}",MONITORING,"{""should_analyze"": false, ""combined_validation"": ""NOT_APPLICABLE""}",False,0.0,False,Other,0.276,weak,0.0063,False,Sinal fraco: slope=0.0063,10_49m_range,0.0,0,0.0,24,0,0,0,20260511,0,0,False,False,NOT_APPLICABLE,False,
mask-network,mask,Mask Network,https://coin-images.coingecko.com/coins/images/14051/large/Mask_Network.jpg?1696513776,0.352503,35250638,553,35250638,14936770,0.36787,0.332423,-0.00780843886250393,-2.16713,-975318.6720968336,-2.69232,100000000.0,100000000.0,100000000.0,41.45,-99.15155,2021-02-24T17:42:44.637Z,0.332423,5.78286,2026-06-06T05:05:21.246Z,,2026-06-06T13:56:42.419Z,-31.886910758782793,-19.74248585359494,early_accumulation,0.9915,False,False,False,low,-2.1704999999999997,,False,False,0.42373048680707565,10_49m_range,False,"{'short_term': {'has_spike': False, 'momentum_initial': 'low', 'volume_mc_ratio': 0, 'is_candidate': False}, 'medium_term': {'persistence_days': 0, 'volume_recovery_consistent': False, 'volatility_reducing': False, 'is_emerging_leader': False}, 'long_term': {'trend_clear': False, 'sustainable_growth': False, 'consistency_score': 0, 'is_confirmed_leader': False}, 'classification': 'MONITORING'}",MONITORING,"{""should_analyze"": false, ""combined_validation"": ""NOT_APPLICABLE""}",False,0.0,False,Other,0.396,weak,0.0132,False,Sinal fraco: slope=0.0132,10_49m_range,0.0,0,0.0,25,0,0,0,20260516,0,0,False,False,NOT_APPLICABLE,False,
peanut-the-squirrel,pnut,Peanut the Squirrel,https://coin-images.coingecko.com/coins/images/51301/large/Peanut_the_Squirrel.png?1734941241,0.04055783,40589817,494,40589817,17158273,0.04153081,0.03809372,6.273e-05,0.15492,-640562.8298613206,-1.55362,999841982.152878,999841982.152878,1000000000.0,2.44,-98.33523,2024-11-14T01:20:47.489Z,0.03187374,27.26879,2024-11-04T21:41:11.808Z,,2026-06-06T13:56:44.437Z,-34.039056212332355,-22.455867441626385,early_accumulation,0.9834,False,False,False,low,0.15155,,False,False,0.42272358606593374,10_49m_range,False,"{'short_term': {'has_spike': False, 'momentum_initial': 'low', 'volume_mc_ratio': 0, 'is_candidate': False}, 'medium_term': {'persistence_days': 0, 'volume_recovery_consistent': False, 'volatility_reducing': False, 'is_emerging_leader': False}, 'long_term': {'trend_clear': False, 'sustainable_growth': False, 'consistency_score': 0, 'is_confirmed_leader': False}, 'classification': 'MONITORING'}",MONITORING,"{""should_analyze"": false, ""combined_validation"": ""NOT_APPLICABLE""}",False,0.0,False,Other,0.0,none,-0.0037,False,Ratio em queda — sem acumulação,10_49m_range,0.0,0,0.0,26,0,0,0,20260509,0,0,False,False,NOT_APPLICABLE,False,
xai-blockchain,xai,Xai,https://coin-images.coingecko.com/coins/images/34258/large/round_icon_2048_px.png?1719523838,0.00776864,16043541,909,17149246,6606267,0.00806918,0.00728072,-0.00022991023348269,-2.8744,-640264.9197760355,-3.83764,2063762614.436617,2205995023.220968,2500000000.0,1.59,-99.51143,2024-02-25T16:20:31.509Z,0.00728072,6.68091,2026-06-06T05:05:22.703Z,,2026-06-06T13:56:43.530Z,-32.00289247672033,-19.604577207420707,early_accumulation,0.9951,False,False,False,low,-2.87777,,False,False,0.41177112957794043,10_49m_range,False,"{'short_term': {'has_spike': False, 'momentum_initial': 'low', 'volume_mc_ratio': 0, 'is_candidate': False}, 'medium_term': {'persistence_days': 0, 'volume_recovery_consistent': False, 'volatility_reducing': False, 'is_emerging_leader': False}, 'long_term': {'trend_clear': False, 'sustainable_growth': False, 'consistency_score': 0, 'is_confirmed_leader': False}, 'classification': 'MONITORING'}",MONITORING,"{""should_analyze"": false, ""combined_validation"": ""NOT_APPLICABLE""}",False,0.0,False,Other,0.249,weak,0.0169,False,Sinal fraco: slope=0.0169,10_49m_range,0.0,0,0.0,27,0,0,0,20260510,0,0,False,False,NOT_APPLICABLE,False,
magic,magic,Treasure,https://coin-images.coingecko.com/coins/images/18623/large/magic.png?1696518095,0.04576594,15378606,930,15912620,6319305,0.04767986,0.04318631,-0.000806431901844241,-1.73157,-295685.6927777603,-1.88644,336018972.3417761,347687042.9717532,347714007.0,6.32,-99.27589,2022-02-19T16:24:53.615Z,0.01999252,129.03543,2021-10-07T01:57:51.729Z,,2026-06-06T13:57:00.557Z,-32.36664891196607,-22.358421695252883,early_accumulation,0.9928,False,False,False,low,-1.7349400000000001,,False,False,0.4109153326380818,10_49m_range,False,"{'short_term': {'has_spike': False, 'momentum_initial': 'low', 'volume_mc_ratio': 0, 'is_candidate': False}, 'medium_term': {'persistence_days': 0, 'volume_recovery_consistent': False, 'volatility_reducing': False, 'is_emerging_leader': False}, 'long_term': {'trend_clear': False, 'sustainable_growth': False, 'consistency_score': 0, 'is_confirmed_leader': False}, 'classification': 'MONITORING'}",MONITORING,"{""should_analyze"": false, ""combined_validation"": ""NOT_APPLICABLE""}",False,0.0,False,Gaming,0.315,weak,0.0455,False,Sinal fraco: slope=0.0455,10_49m_range,0.0,0,0.0,28,0,0,0,20260511,0,0,False,False,NOT_APPLICABLE,False,
fidelity-digital-dollar,fidd,Fidelity Digital Dollar,https://coin-images.coingecko.com/coins/images/102171776/large/FIDD-Green_%28792px%29.png?1769612802,0.999808,47748064,463,47748064,19199325,1.004,0.994346,-0.001078303842646733,-0.10773,41292.0,0.08655,47757235.29000001,47757235.29000001,,1.011,-1.16017,2026-02-04T15:14:08.580Z,0.994161,0.51444,2026-02-04T15:05:21.411Z,,2026-06-06T13:56:41.302Z,0.023732946361252175,0.041750334481039326,early_accumulation,0.0111,False,False,False,low,-0.1111,,False,False,0.4020964075108888,10_49m_range,False,"{'short_term': {'has_spike': False, 'momentum_initial': 'low', 'volume_mc_ratio': 0, 'is_candidate': False}, 'medium_term': {'persistence_days': 0, 'volume_recovery_consistent': False, 'volatility_reducing': False, 'is_emerging_leader': False}, 'long_term': {'trend_clear': False, 'sustainable_growth': False, 'consistency_score': 0, 'is_confirmed_leader': False}, 'classification': 'MONITORING'}",MONITORING,"{""should_analyze"": false, ""combined_validation"": ""NOT_APPLICABLE""}",False,0.0,False,Other,0.0,none,0.0,False,Apenas 1 snapshots (mínimo 3),10_49m_range,0.0,0,0.0,29,0,0,0,20260605,0,0,False,False,NOT_APPLICABLE,False,
constitutiondao,people,ConstitutionDAO,https://coin-images.coingecko.com/coins/images/20612/large/GN_UVm3d_400x400.jpg?1696520017,0.0052563,26669384,675,26669384,10695897,0.00540155,0.00494256,-0.000145252382731499,-2.68909,-737702.763821762,-2.69165,5066374892.014003,5066374892.014003,,0.185022,-97.16398,2021-12-23T05:59:19.861Z,0.0009194,470.72709,2021-11-21T11:33:21.508Z,,2026-06-06T13:56:42.365Z,-37.06742376143057,-17.13315532264083,early_accumulation,0.9716,False,False,False,low,-2.69246,,False,False,0.40105526996799024,10_49m_range,False,"{'short_term': {'has_spike': False, 'momentum_initial': 'low', 'volume_mc_ratio': 0, 'is_candidate': False}, 'medium_term': {'persistence_days': 0, 'volume_recovery_consistent': False, 'volatility_reducing': False, 'is_emerging_leader': False}, 'long_term': {'trend_clear': False, 'sustainable_growth': False, 'consistency_score': 0, 'is_confirmed_leader': False}, 'classification': 'MONITORING'}",MONITORING,"{""should_analyze"": false, ""combined_validation"": ""NOT_APPLICABLE""}",False,0.0,False,Other,0.329,weak,1.1804,False,Sinal fraco: slope=1.1804,10_49m_range,0.0,0,0.0,30,0,0,0,20260503,0,0,False,False,NOT_APPLICABLE,False,
popcat,popcat,Popcat,https://coin-images.coingecko.com/coins/images/33760/large/image.jpg?1702964227,0.03927036,38553648,514,38553648,15311965,0.04283827,0.03804488,-0.002930448562750793,-6.94406,-3290381.271148771,-7.86344,979978669.96,979978669.96,979978694.0,2.05,-98.08754,2024-11-17T15:50:59.669Z,0.00379728,934.84423,2024-01-05T15:34:24.842Z,,2026-06-06T13:56:44.219Z,-45.34583207076758,-25.183534735073486,early_accumulation,0.9808,False,False,False,low,-6.947430000000001,,False,False,0.39715995228259593,10_49m_range,False,"{'short_term': {'has_spike': False, 'momentum_initial': 'low', 'volume_mc_ratio': 0, 'is_candidate': False}, 'medium_term': {'persistence_days': 0, 'volume_recovery_consistent': False, 'volatility_reducing': False, 'is_emerging_leader': False}, 'long_term': {'trend_clear': False, 'sustainable_growth': False, 'consistency_score': 0, 'is_confirmed_leader': False}, 'classification': 'MONITORING'}",MONITORING,"{""should_analyze"": false, ""combined_validation"": ""NOT_APPLICABLE""}",False,0.0,False,Meme,0.453,moderate,0.0051,False,Possível acumulação: slope=0.0051,10_49m_range,0.0,0,0.0,31,0,0,0,20260509,0,0,False,False,NOT_APPLICABLE,False,
book-of-meme,bome,BOOK OF MEME,https://coin-images.coingecko.com/coins/images/36071/large/bome.png?1710407255,0.00040728,28137168,648,28137168,11058550,0.00041319,0.00037769,1.41e-06,0.34825,-265579.1813800745,-0.93505,68999659569.0,68999659569.0,68999659569.0,0.02688878,-98.48204,2024-03-16T13:51:17.648Z,5.848e-05,597.91999,2024-03-14T10:17:29.365Z,,2026-06-06T13:56:43.669Z,-33.317076536109056,-18.058760280578298,early_accumulation,0.9849,False,False,False,low,0.34488,,False,False,0.39302285148242355,10_49m_range,False,"{'short_term': {'has_spike': False, 'momentum_initial': 'low', 'volume_mc_ratio': 0, 'is_candidate': False}, 'medium_term': {'persistence_days': 0, 'volume_recovery_consistent': False, 'volatility_reducing': False, 'is_emerging_leader': False}, 'long_term': {'trend_clear': False, 'sustainable_growth': False, 'consistency_score': 0, 'is_confirmed_leader': False}, 'classification': 'MONITORING'}",MONITORING,"{""should_analyze"": false, ""combined_validation"": ""NOT_APPLICABLE""}",False,0.0,False,Meme,0.0,none,-0.0033,False,Ratio em queda — sem acumulação,10_49m_range,0.0,0,0.0,32,0,0,0,20260502,0,0,False,False,NOT_APPLICABLE,False,
moo-deng,moodeng,Moo Deng,https://coin-images.coingecko.com/coins/images/50264/large/MOODENG.jpg?1726726975,0.03719984,36861878,531,36861878,13295699,0.03834277,0.03490331,-0.00058594531207757,-1.5507,-1246533.5290651843,-3.27102,989937766.801837,989937766.801837,1000000000.0,0.680378,-94.53364,2024-11-15T14:06:28.269Z,0.01544782,140.75855,2024-09-20T13:55:20.098Z,,2026-06-06T13:56:44.209Z,-41.74532052104428,-26.377793212200913,early_accumulation,0.9453,False,False,False,low,-1.55407,,False,False,0.3606896805420494,10_49m_range,False,"{'short_term': {'has_spike': False, 'momentum_initial': 'low', 'volume_mc_ratio': 0, 'is_candidate': False}, 'medium_term': {'persistence_days': 0, 'volume_recovery_consistent': False, 'volatility_reducing': False, 'is_emerging_leader': False}, 'long_term': {'trend_clear': False, 'sustainable_growth': False, 'consistency_score': 0, 'is_confirmed_leader': False}, 'classification': 'MONITORING'}",MONITORING,"{""should_analyze"": false, ""combined_validation"": ""NOT_APPLICABLE""}",False,0.0,False,Other,0.427,moderate,0.0038,False,Possível acumulação: slope=0.0038,10_49m_range,0.0,0,0.0,33,0,0,0,20260509,0,0,False,False,NOT_APPLICABLE,False,
skale,skl,SKALE,https://coin-images.coingecko.com/coins/images/13245/large/SKALE_token_300x300.png?1696513021,0.00431861,26318450,679,26864431,9474329,0.00453391,0.00414232,-0.00017998006368445,-4.00081,-1258708.0022758916,-4.56431,6094019337.0,6220440895.395961,7000000000.0,1.22,-99.64445,2021-03-12T05:14:18.439Z,0.00414232,4.3956,2026-06-06T05:05:41.848Z,,2026-06-06T13:56:42.044Z,-39.91218623558546,-25.618664830760128,early_accumulation,0.9965,False,False,False,low,-4.004180000000001,,False,False,0.35998810720236185,10_49m_range,False,"{'short_term': {'has_spike': False, 'momentum_initial': 'low', 'volume_mc_ratio': 0, 'is_candidate': False}, 'medium_term': {'persistence_days': 0, 'volume_recovery_consistent': False, 'volatility_reducing': False, 'is_emerging_leader': False}, 'long_term': {'trend_clear': False, 'sustainable_growth': False, 'consistency_score': 0, 'is_confirmed_leader': False}, 'classification': 'MONITORING'}",MONITORING,"{""should_analyze"": false, ""combined_validation"": ""NOT_APPLICABLE""}",False,0.0,False,L2,0.65,strong,0.0563,True,"Acumulação silenciosa: slope=0.0563, consistência=100%",10_49m_range,0.0,0,0.0,34,0,0,0,20260603,0,0,False,False,NOT_APPLICABLE,False,
zelcash,flux,Flux,https://coin-images.coingecko.com/coins/images/5163/large/Flux_symbol_blue-white.png?1696505679,0.050853,20897041,776,20912715,7479788,0.053672,0.04765707,-0.002311509038266019,-4.34787,-949433.7695010193,-4.34594,410921558.4991484,411229782.4991484,440000000.0,3.33,-98.4788,2022-01-03T10:18:02.680Z,0.01640374,208.42241,2021-01-13T05:29:57.987Z,,2026-06-06T13:56:44.570Z,-31.85366799986773,-24.605313516156556,early_accumulation,0.9847,False,False,False,low,-4.351240000000001,,False,False,0.3579352694001031,10_49m_range,False,"{'short_term': {'has_spike': False, 'momentum_initial': 'low', 'volume_mc_ratio': 0, 'is_candidate': False}, 'medium_term': {'persistence_days': 0, 'volume_recovery_consistent': False, 'volatility_reducing': False, 'is_emerging_leader': False}, 'long_term': {'trend_clear': False, 'sustainable_growth': False, 'consistency_score': 0, 'is_confirmed_leader': False}, 'classification': 'MONITORING'}",MONITORING,"{""should_analyze"": false, ""combined_validation"": ""NOT_APPLICABLE""}",False,0.0,False,Other,0.0,none,-0.0573,False,Ratio em queda — sem acumulação,10_49m_range,0.0,0,0.0,35,0,0,0,20260525,0,0,False,False,NOT_APPLICABLE,False,
zerebro,zerebro,Zerebro,https://coin-images.coingecko.com/coins/images/51289/large/zerebro_2.png?1730588883,0.02171782,21735943,763,21735943,7757759,0.02428855,0.02120467,-0.000499143275571854,-2.24668,-607421.9949238002,-2.71858,999948600.165593,999948599.965593,1000000000.0,0.784071,-97.22626,2025-01-02T07:41:04.150Z,0.00580864,274.40916,2024-11-03T08:34:49.111Z,,2026-06-06T13:56:44.764Z,-42.98749924886018,-5.3349219759334385,early_accumulation,0.9723,False,False,False,low,-2.25005,,False,False,0.35690924474728336,10_49m_range,False,"{'short_term': {'has_spike': False, 'momentum_initial': 'low', 'volume_mc_ratio': 0, 'is_candidate': False}, 'medium_term': {'persistence_days': 0, 'volume_recovery_consistent': False, 'volatility_reducing': False, 'is_emerging_leader': False}, 'long_term': {'trend_clear': False, 'sustainable_growth': False, 'consistency_score': 0, 'is_confirmed_leader': False}, 'classification': 'MONITORING'}",MONITORING,"{""should_analyze"": false, ""combined_validation"": ""NOT_APPLICABLE""}",False,0.0,False,Other,0.263,weak,0.0039,False,Sinal fraco: slope=0.0039,10_49m_range,0.0,0,0.0,36,0,0,0,20260504,0,0,False,False,NOT_APPLICABLE,False,
bonfida,fida,Bonfida,https://coin-images.coingecko.com/coins/images/13395/large/bonfida.png?1696513157,0.01803403,17869850,858,17869850,6376158,0.01900739,0.01749073,-0.000493771679790696,-2.66503,-634862.8369366266,-3.43082,990910766.833976,990910766.833976,1000000000.0,18.77,-99.90405,2021-11-03T20:34:33.492Z,0.01221703,47.44984,2026-03-29T22:50:36.078Z,,2026-06-06T13:56:41.818Z,-1.8684445337919071,-31.60955075535857,early_accumulation,0.999,False,False,False,low,-2.6683999999999997,,False,False,0.35681094133414665,10_49m_range,False,"{'short_term': {'has_spike': False, 'momentum_initial': 'low', 'volume_mc_ratio': 0, 'is_candidate': False}, 'medium_term': {'persistence_days': 0, 'volume_recovery_consistent': False, 'volatility_reducing': False, 'is_emerging_leader': False}, 'long_term': {'trend_clear': False, 'sustainable_growth': False, 'consistency_score': 0, 'is_confirmed_leader': False}, 'classification': 'MONITORING'}",MONITORING,"{""should_analyze"": false, ""combined_validation"": ""NOT_APPLICABLE""}",False,0.0,False,Other,0.0,none,-0.1134,False,Ratio em queda — sem acumulação,10_49m_range,0.0,0,0.0,37,0,0,0,20260506,0,0,False,False,NOT_APPLICABLE,False,
notcoin,not,Notcoin,https://coin-images.coingecko.com/coins/images/33453/large/rFmThDiD_400x400.jpg?1701876350,0.00037392,37289887,527,38423745,12504421,0.00038156,0.00034461,9.0288e-07,0.24205,-689921.9352556169,-1.81655,99429447866.9074,102452755868.5205,102456956842.91,0.02836145,-98.68027,2024-06-02T18:00:38.587Z,0.00032676,14.54896,2026-02-28T13:45:06.069Z,,2026-06-06T13:56:58.810Z,-39.57882908130665,-15.15749880434361,early_accumulation,0.9868,False,False,False,low,0.23867999999999998,,False,False,0.3353300856073927,10_49m_range,False,"{'short_term': {'has_spike': False, 'momentum_initial': 'low', 'volume_mc_ratio': 0, 'is_candidate': False}, 'medium_term': {'persistence_days': 0, 'volume_recovery_consistent': False, 'volatility_reducing': False, 'is_emerging_leader': False}, 'long_term': {'trend_clear': False, 'sustainable_growth': False, 'consistency_score': 0, 'is_confirmed_leader': False}, 'classification': 'MONITORING'}",MONITORING,"{""should_analyze"": false, ""combined_validation"": ""NOT_APPLICABLE""}",False,0.0,False,Meme,0.0,none,-0.0258,False,Ratio em queda — sem acumulação,10_49m_range,0.0,0,0.0,38,0,0,0,20260502,0,0,False,False,NOT_APPLICABLE,False,
dia-data,dia,DIA,https://coin-images.coingecko.com/coins/images/11955/large/Company_avatar_%28400x400%29.png?1772208217,0.12604,15082978,936,21276318,5057319,0.131294,0.120009,-0.002960108026356434,-2.29465,-411754.1891143862,-2.65738,119676104.0,168817248.0,200000000.0,5.73,-97.79645,2021-05-05T12:14:13.955Z,0.120009,5.1946,2026-06-06T05:11:01.298Z,,2026-06-06T13:56:57.076Z,-38.100753368659404,-25.84264479298628,early_accumulation,0.978,False,False,False,low,-2.2980199999999997,,False,False,0.33529976639891673,10_49m_range,False,"{'short_term': {'has_spike': False, 'momentum_initial': 'low', 'volume_mc_ratio': 0, 'is_candidate': False}, 'medium_term': {'persistence_days': 0, 'volume_recovery_consistent': False, 'volatility_reducing': False, 'is_emerging_leader': False}, 'long_term': {'trend_clear': False, 'sustainable_growth': False, 'consistency_score': 0, 'is_confirmed_leader': False}, 'classification': 'MONITORING'}",MONITORING,"{""should_analyze"": false, ""combined_validation"": ""NOT_APPLICABLE""}",False,0.0,False,Other,0.458,moderate,0.0314,False,Possível acumulação: slope=0.0314,10_49m_range,0.0,0,0.0,39,0,0,0,20260510,0,0,False,False,NOT_APPLICABLE,False,True
secret,scrt,Secret,https://coin-images.coingecko.com/coins/images/11871/large/scrt_200.png?1733344413,0.059957,20560374,795,21420774,6875181,0.064423,0.056353,-0.004465958766921477,-6.93228,-1314469.7437449023,-6.00905,342920871.732228,357271237.305587,,10.38,-99.42598,2021-10-28T12:44:49.785Z,0.056353,5.78223,2026-06-06T05:05:34.452Z,,2026-06-06T13:56:49.979Z,-45.9778667355098,-24.085417846165537,early_accumulation,0.9942,False,False,False,low,-6.935650000000001,,False,False,0.33438988026190575,10_49m_range,False,"{'short_term': {'has_spike': False, 'momentum_initial': 'low', 'volume_mc_ratio': 0, 'is_candidate': False}, 'medium_term': {'persistence_days': 0, 'volume_recovery_consistent': False, 'volatility_reducing': False, 'is_emerging_leader': False}, 'long_term': {'trend_clear': False, 'sustainable_growth': False, 'consistency_score': 0, 'is_confirmed_leader': False}, 'classification': 'MONITORING'}",MONITORING,"{""should_analyze"": false, ""combined_validation"": ""NOT_APPLICABLE""}",False,0.0,False,Privacy,0.0,none,0.0,False,Apenas 2 snapshots (mínimo 3),10_49m_range,0.0,0,0.0,40,0,0,0,20260604,0,0,False,False,NOT_APPLICABLE,False,
edu-coin,edu,Open Campus,https://coin-images.coingecko.com/coins/images/29948/large/EDU_Logo.png?1696528874,0.03059907,23786161,727,30706954,7742629,0.03228089,0.02885803,-0.001296111287150323,-4.06366,-1360288.9217936173,-5.40947,774618056.0,1000000000.0,1000000000.0,1.67,-98.16786,2023-04-29T08:05:57.583Z,0.02885803,6.30286,2026-06-06T04:45:25.821Z,,2026-06-06T13:56:43.105Z,-36.44797106410671,-32.35445819139681,early_accumulation,0.9817,False,False,False,low,-4.06703,,False,False,0.32550982060535116,10_49m_range,False,"{'short_term': {'has_spike': False, 'momentum_initial': 'low', 'volume_mc_ratio': 0, 'is_candidate': False}, 'medium_term': {'persistence_days': 0, 'volume_recovery_consistent': False, 'volatility_reducing': False, 'is_emerging_leader': False}, 'long_term': {'trend_clear': False, 'sustainable_growth': False, 'consistency_score': 0, 'is_confirmed_leader': False}, 'classification': 'MONITORING'}",MONITORING,"{""should_analyze"": false, ""combined_validation"": ""NOT_APPLICABLE""}",False,0.0,False,Other,0.0,none,-0.0069,False,Ratio em queda — sem acumulação,10_49m_range,0.0,0,0.0,41,0,0,0,20260502,0,0,False,False,NOT_APPLICABLE,False,
terra-luna-2,luna,Terra,https://coin-images.coingecko.com/coins/images/25767/large/01_Luna_color.png?1696524851,0.04954238,35179598,555,58801115,11186672,0.051156,0.0468138,-0.001348292444873209,-2.64939,-1260860.4631869122,-3.46006,709984438.91686,1186707049.0,,18.87,-99.73823,2022-05-28T09:18:14.847Z,0.04580672,7.83866,2025-10-10T21:26:52.228Z,,2026-06-06T13:56:51.966Z,-29.34190149382223,-17.92051991712284,early_accumulation,0.9974,False,False,False,low,-2.65276,,False,False,0.31798748808897703,10_49m_range,False,"{'short_term': {'has_spike': False, 'momentum_initial': 'low', 'volume_mc_ratio': 0, 'is_candidate': False}, 'medium_term': {'persistence_days': 0, 'volume_recovery_consistent': False, 'volatility_reducing': False, 'is_emerging_leader': False}, 'long_term': {'trend_clear': False, 'sustainable_growth': False, 'consistency_score': 0, 'is_confirmed_leader': False}, 'classification': 'MONITORING'}",MONITORING,"{""should_analyze"": false, ""combined_validation"": ""NOT_APPLICABLE""}",False,0.0,False,DeFi,0.454,moderate,0.0116,False,Possível acumulação: slope=0.0116,10_49m_range,0.0,0,0.0,42,0,0,0,20260503,0,0,False,False,NOT_APPLICABLE,False,True
band-protocol,band,Band,https://coin-images.coingecko.com/coins/images/9545/large/Band_Token.png?1754368504,0.170982,30289933,616,30316081,9535072,0.17534,0.160003,-0.004357867248340225,-2.48539,-701143.32800157,-2.2624,177149408.322847,177302334.825436,,22.83,-99.25362,2021-04-15T12:04:11.270Z,0.160003,6.49251,2026-06-06T05:10:20.333Z,"{'times': -0.6385161948809273, 'currency': 'usd', 'percentage': -63.85161948809273}",2026-06-06T13:56:46.471Z,-26.807818467361344,-13.213662533799475,early_accumulation,0.9925,False,False,False,low,-2.48876,,False,False,0.3147934331845501,10_49m_range,False,"{'short_term': {'has_spike': False, 'momentum_initial': 'low', 'volume_mc_ratio': 0, 'is_candidate': False}, 'medium_term': {'persistence_days': 0, 'volume_recovery_consistent': False, 'volatility_reducing': False, 'is_emerging_leader': False}, 'long_term': {'trend_clear': False, 'sustainable_growth': False, 'consistency_score': 0, 'is_confirmed_leader': False}, 'classification': 'MONITORING'}",MONITORING,"{""should_analyze"": false, ""combined_validation"": ""NOT_APPLICABLE""}",False,0.0,False,Infra,0.0,none,0.0,False,Apenas 2 snapshots (mínimo 3),10_49m_range,0.0,0,0.0,43,0,0,0,20260604,0,0,False,False,NOT_APPLICABLE,False,
coredaoorg,core,Core,https://coin-images.coingecko.com/coins/images/28938/large/file_589.jpg?1701868471,0.02613456,32459251,584,55095574,10186236,0.02686472,0.02360133,-0.000730168390015717,-2.71794,-893868.0391177833,-2.68001,1237203332.9139,2100000000.0,2100000000.0,6.14,-99.57355,2023-02-08T12:55:39.828Z,0.02340497,11.9391,2026-04-02T18:00:39.187Z,,2026-06-06T13:56:57.516Z,-31.43971591241726,-13.856598775020004,early_accumulation,0.9957,False,False,False,low,-2.72131,,False,False,0.31381611362504946,10_49m_range,False,"{'short_term': {'has_spike': False, 'momentum_initial': 'low', 'volume_mc_ratio': 0, 'is_candidate': False}, 'medium_term': {'persistence_days': 0, 'volume_recovery_consistent': False, 'volatility_reducing': False, 'is_emerging_leader': False}, 'long_term': {'trend_clear': False, 'sustainable_growth': False, 'consistency_score': 0, 'is_confirmed_leader': False}, 'classification': 'MONITORING'}",MONITORING,"{""should_analyze"": false, ""combined_validation"": ""NOT_APPLICABLE""}",False,0.0,False,Other,0.0,none,0.0,False,Apenas 2 snapshots (mínimo 3),10_49m_range,0.0,0,0.0,44,0,0,0,20260604,0,0,False,False,NOT_APPLICABLE,False,True
osmosis,osmo,Osmosis,https://coin-images.coingecko.com/coins/images/16724/large/osmo.png?1696516298,0.03696467,28694582,637,36157724,8905878,0.04178162,0.03486658,-0.004816948964302736,-11.52887,-3915797.977490712,-12.00783,776270484.789603,978169805.722379,1000000000.0,11.25,-99.67243,2022-03-04T05:12:18.707Z,0.02916342,26.35163,2026-03-29T22:55:20.160Z,,2026-06-06T13:56:42.453Z,13.550958724303532,-28.707576789750295,early_accumulation,0.9967,False,False,False,low,-11.53224,,False,False,0.31036792938820296,10_49m_range,False,"{'short_term': {'has_spike': False, 'momentum_initial': 'low', 'volume_mc_ratio': 0, 'is_candidate': False}, 'medium_term': {'persistence_days': 0, 'volume_recovery_consistent': False, 'volatility_reducing': False, 'is_emerging_leader': False}, 'long_term': {'trend_clear': False, 'sustainable_growth': False, 'consistency_score': 0, 'is_confirmed_leader': False}, 'classification': 'MONITORING'}",MONITORING,"{""should_analyze"": false, ""combined_validation"": ""NOT_APPLICABLE""}",False,0.0,False,Other,0.0,none,-0.1083,False,Ratio em queda — sem acumulação,10_49m_range,0.0,0,0.0,45,0,0,0,20260511,0,0,False,False,NOT_APPLICABLE,False,
iostoken,iost,IOST,https://coin-images.coingecko.com/coins/images/2523/large/IOST.png?1696503337,0.00081284,27178489,666,27178489,8414441,0.00084778,0.00077611,-2.5401942261322e-05,-3.03038,-1123051.5057037212,-3.96816,33436210855.0,33436210855.0,90000000000.0,0.129829,-99.37678,2018-01-24T00:00:00.000Z,0.00077611,4.2533,2026-06-06T05:06:14.829Z,,2026-06-06T13:56:42.734Z,-27.314329909678992,-21.04644040145066,early_accumulation,0.9937,False,False,False,low,-3.03375,,False,False,0.30959929376500656,10_49m_range,False,"{'short_term': {'has_spike': False, 'momentum_initial': 'low', 'volume_mc_ratio': 0, 'is_candidate': False}, 'medium_term': {'persistence_days': 0, 'volume_recovery_consistent': False, 'volatility_reducing': False, 'is_emerging_leader': False}, 'long_term': {'trend_clear': False, 'sustainable_growth': False, 'consistency_score': 0, 'is_confirmed_leader': False}, 'classification': 'MONITORING'}",MONITORING,"{""should_analyze"": false, ""combined_validation"": ""NOT_APPLICABLE""}",False,0.0,False,Other,0.0,none,0.0,False,Apenas 2 snapshots (mínimo 3),10_49m_range,0.0,0,0.0,46,0,0,0,20260507,0,0,False,False,NOT_APPLICABLE,False,
api3,api3,Api3,https://coin-images.coingecko.com/coins/images/13256/large/Api3-Token.png?1742439807,0.252436,36010794,538,43194492,11131894,0.262403,0.237197,-0.006382981438375401,-2.4662,-871694.4998983219,-2.36344,142645269.2412002,171101194.69625,,10.3,-97.54215,2021-04-07T06:54:35.507Z,0.237197,6.70117,2026-06-06T05:10:23.404Z,,2026-06-06T13:56:41.971Z,-31.920255614446162,-19.01668769529407,early_accumulation,0.9755,False,False,False,low,-2.46957,,False,False,0.3091265913214799,10_49m_range,False,"{'short_term': {'has_spike': False, 'momentum_initial': 'low', 'volume_mc_ratio': 0, 'is_candidate': False}, 'medium_term': {'persistence_days': 0, 'volume_recovery_consistent': False, 'volatility_reducing': False, 'is_emerging_leader': False}, 'long_term': {'trend_clear': False, 'sustainable_growth': False, 'consistency_score': 0, 'is_confirmed_leader': False}, 'classification': 'MONITORING'}",MONITORING,"{""should_analyze"": false, ""combined_validation"": ""NOT_APPLICABLE""}",False,0.0,False,Infra,0.0,none,-0.061,False,Ratio em queda — sem acumulação,10_49m_range,0.0,0,0.0,47,0,0,0,20260510,0,0,False,False,NOT_APPLICABLE,False,
carv,carv,CARV,https://coin-images.coingecko.com/coins/images/37689/large/CARV_%281%29.png?1728418485,0.03737633,22496987,747,37376288,6915061,0.03951428,0.03604251,-0.001493462518265536,-3.84222,-1257606.8524471745,-5.29416,601905326.0,1000000000.0,1000000000.0,1.36,-97.25971,2024-11-02T15:50:28.103Z,0.03604251,3.67205,2026-06-06T05:15:47.246Z,,2026-06-06T13:56:43.997Z,-37.903698551555806,-26.061299216571616,early_accumulation,0.9725,False,False,False,low,-3.84559,,False,False,0.30737720566758564,10_49m_range,False,"{'short_term': {'has_spike': False, 'momentum_initial': 'low', 'volume_mc_ratio': 0, 'is_candidate': False}, 'medium_term': {'persistence_days': 0, 'volume_recovery_consistent': False, 'volatility_reducing': False, 'is_emerging_leader': False}, 'long_term': {'trend_clear': False, 'sustainable_growth': False, 'consistency_score': 0, 'is_confirmed_leader': False}, 'classification': 'MONITORING'}",MONITORING,"{""should_analyze"": false, ""combined_validation"": ""NOT_APPLICABLE""}",False,0.0,False,Other,0.157,none,0.0054,False,Dados insuficientes,10_49m_range,0.0,0,0.0,48,0,0,0,20260506,0,0,False,False,NOT_APPLICABLE,False,True
gigachad-2,giga,Gigachad,https://coin-images.coingecko.com/coins/images/34755/large/IMG_0015.png?1705957165,0.00228534,21970694,754,21970694,6665410,0.00238042,0.00216337,-2.0608770318392e-05,-0.89372,-335421.37427054346,-1.50372,9604136902.35,9604136902.35,10000000000.0,0.095127,-97.59547,2025-01-03T16:26:00.996Z,1.244e-05,18283.88862,2024-02-06T19:23:17.592Z,,2026-06-06T13:56:43.746Z,-10.031204086687916,-31.178424773558493,early_accumulation,0.976,False,False,False,low,-0.8970899999999999,,False,False,0.303377307972156,10_49m_range,False,"{'short_term': {'has_spike': False, 'momentum_initial': 'low', 'volume_mc_ratio': 0, 'is_candidate': False}, 'medium_term': {'persistence_days': 0, 'volume_recovery_consistent': False, 'volatility_reducing': False, 'is_emerging_leader': False}, 'long_term': {'trend_clear': False, 'sustainable_growth': False, 'consistency_score': 0, 'is_confirmed_leader': False}, 'classification': 'MONITORING'}",MONITORING,"{""should_analyze"": false, ""combined_validation"": ""NOT_APPLICABLE""}",False,0.0,False,Meme,0.0,none,-0.0287,False,Ratio em queda — sem acumulação,10_49m_range,0.0,0,0.0,49,0,0,0,20260503,0,0,False,False,NOT_APPLICABLE,False,
sushi,sushi,Sushi,https://coin-images.coingecko.com/coins/images/12271/large/512x512_Logo_no_chop.png?1696512101,0.170535,46562249,470,49717849,13826576,0.187837,0.162029,-0.01662751504670812,-8.88399,-4866722.281298697,-9.463,273012266.12632084,291514753.9009228,,23.38,-99.26859,2021-03-13T23:44:36.774Z,0.162029,5.52263,2026-06-06T05:05:41.941Z,,2026-06-06T13:56:42.015Z,-26.453398195006695,-12.366408509352816,early_accumulation,0.9927,False,False,False,low,-8.887360000000001,,False,False,0.29694819938787753,10_49m_range,False,"{'short_term': {'has_spike': False, 'momentum_initial': 'low', 'volume_mc_ratio': 0, 'is_candidate': False}, 'medium_term': {'persistence_days': 0, 'volume_recovery_consistent': False, 'volatility_reducing': False, 'is_emerging_leader': False}, 'long_term': {'trend_clear': False, 'sustainable_growth': False, 'consistency_score': 0, 'is_confirmed_leader': False}, 'classification': 'MONITORING'}",MONITORING,"{""should_analyze"": false, ""combined_validation"": ""NOT_APPLICABLE""}",False,0.0,False,DeFi,0.396,weak,0.1334,False,Sinal fraco: slope=0.1334,10_49m_range,0.0,0,0.0,50,0,0,0,20260509,0,0,False,False,NOT_APPLICABLE,False,
stepn,gmt,GMT,https://coin-images.coingecko.com/coins/images/23597/large/token-gmt-200x200.png?1703153841,0.00797673,24858137,707,40536883,7348641,0.0083324,0.00758646,-0.000342342465275395,-4.11515,-1027911.7584890388,-3.97091,3111400155.0,5073850155.102167,6000000000.0,4.11,-99.80485,2022-04-28T03:29:53.820Z,0.00758646,5.65397,2026-06-06T05:05:42.521Z,,2026-06-06T13:56:51.664Z,-30.17076101023335,-21.835156731374838,early_accumulation,0.9981,False,False,False,low,-4.11852,,False,False,0.2956231595312231,10_49m_range,False,"{'short_term': {'has_spike': False, 'momentum_initial': 'low', 'volume_mc_ratio': 0, 'is_candidate': False}, 'medium_term': {'persistence_days': 0, 'volume_recovery_consistent': False, 'volatility_reducing': False, 'is_emerging_leader': False}, 'long_term': {'trend_clear': False, 'sustainable_growth': False, 'consistency_score': 0, 'is_confirmed_leader': False}, 'classification': 'MONITORING'}",MONITORING,"{""should_analyze"": false, ""combined_validation"": ""NOT_APPLICABLE""}",False,0.0,False,Other,0.0,none,-0.0039,False,Ratio em queda — sem acumulação,10_49m_range,0.0,0,0.0,51,0,0,0,20260506,0,0,False,False,NOT_APPLICABLE,False,True
magic-eden,me,Magic Eden,https://coin-images.coingecko.com/coins/images/39850/large/_ME_Profile_Dark_2x.png?1734013082,0.061339,34306349,561,61354380,10036866,0.064496,0.05961,-0.002341274688492039,-3.67658,-1822522.8269358277,-5.04451,559145693.879026,999990920.957671,1000000000.0,17.0,-99.63848,2024-12-10T14:00:45.686Z,0.05961,3.10752,2026-06-06T05:05:44.279Z,,2026-06-06T13:56:44.106Z,-45.15301870829831,-28.89402303993774,early_accumulation,0.9964,False,False,False,low,-3.67995,,False,False,0.2925658454649313,10_49m_range,False,"{'short_term': {'has_spike': False, 'momentum_initial': 'low', 'volume_mc_ratio': 0, 'is_candidate': False}, 'medium_term': {'persistence_days': 0, 'volume_recovery_consistent': False, 'volatility_reducing': False, 'is_emerging_leader': False}, 'long_term': {'trend_clear': False, 'sustainable_growth': False, 'consistency_score': 0, 'is_confirmed_leader': False}, 'classification': 'MONITORING'}",MONITORING,"{""should_analyze"": false, ""combined_validation"": ""NOT_APPLICABLE""}",False,0.0,False,Other,0.0,none,0.0,False,Apenas 2 snapshots (mínimo 3),10_49m_range,0.0,0,0.0,52,0,0,0,20260604,0,0,False,False,NOT_APPLICABLE,False,True
dogelon-mars,elon,Dogelon Mars,https://coin-images.coingecko.com/coins/images/14962/large/6GxcPRo3_400x400.jpg?1696514622,2.751e-08,27509748,659,27509748,7979376,2.89e-08,2.6681e-08,-1.390164613e-09,-4.8103,-1446981.600735642,-4.99705,1000000000000000.0,1000000000000000.0,1000000000000000.0,2.59e-06,-98.9375,2021-10-30T20:39:32.727Z,1.7563e-08,56.9064,2021-04-23T06:09:26.872Z,,2026-06-06T13:56:42.146Z,-30.877955113003996,-22.220110556710367,early_accumulation,0.9894,False,False,False,low,-4.81367,,False,False,0.29005631022138045,10_49m_range,False,"{'short_term': {'has_spike': False, 'momentum_initial': 'low', 'volume_mc_ratio': 0, 'is_candidate': False}, 'medium_term': {'persistence_days': 0, 'volume_recovery_consistent': False, 'volatility_reducing': False, 'is_emerging_leader': False}, 'long_term': {'trend_clear': False, 'sustainable_growth': False, 'consistency_score': 0, 'is_confirmed_leader': False}, 'classification': 'MONITORING'}",MONITORING,"{""should_analyze"": false, ""combined_validation"": ""NOT_APPLICABLE""}",False,0.0,False,Other,0.525,moderate,0.3311,False,Possível acumulação: slope=0.3311,10_49m_range,0.0,0,0.0,53,0,0,0,20260507,0,0,False,False,NOT_APPLICABLE,False,
auction,auction,Bounce,https://coin-images.coingecko.com/coins/images/13860/large/1_KtgpRIJzuwfHe0Rl0avP_g.jpeg?1696513606,3.75,27845854,651,28673778,7912846,3.84,3.57,-0.04722985574629979,-1.24294,-406290.263656199,-1.43809,7420409.148028981,7641035.648362741,10000000.0,70.44,-94.68905,2021-04-12T04:15:39.424Z,3.16,18.51033,2025-10-10T21:28:43.801Z,,2026-06-06T13:56:42.304Z,-24.61958463635259,-17.267078832328846,early_accumulation,0.9468,False,False,False,low,-1.24631,,False,False,0.28416603778788757,10_49m_range,False,"{'short_term': {'has_spike': False, 'momentum_initial': 'low', 'volume_mc_ratio': 0, 'is_candidate': False}, 'medium_term': {'persistence_days': 0, 'volume_recovery_consistent': False, 'volatility_reducing': False, 'is_emerging_leader': False}, 'long_term': {'trend_clear': False, 'sustainable_growth': False, 'consistency_score': 0, 'is_confirmed_leader': False}, 'classification': 'MONITORING'}",MONITORING,"{""should_analyze"": false, ""combined_validation"": ""NOT_APPLICABLE""}",False,0.0,False,Other,0.0,none,-0.0014,False,Ratio em queda — sem acumulação,10_49m_range,0.0,0,0.0,54,0,0,0,20260510,0,0,False,False,NOT_APPLICABLE,False,
status,snt,Status,https://coin-images.coingecko.com/coins/images/779/large/status.png?1696501931,0.00716706,28398772,635,48794533,7992395,0.00808469,0.0069074,-0.000192355557850976,-2.61373,-748088.4682305232,-2.56662,3960483788.3096976,6804870174.0,,0.684918,-98.94115,2018-01-03T00:00:00.000Z,0.00592935,22.31185,2020-03-13T02:10:36.877Z,,2026-06-06T13:56:46.423Z,-29.420054583199395,-22.414279940801997,early_accumulation,0.9895,False,False,False,low,-2.6170999999999998,,False,False,0.2814345282253754,10_49m_range,False,"{'short_term': {'has_spike': False, 'momentum_initial': 'low', 'volume_mc_ratio': 0, 'is_candidate': False}, 'medium_term': {'persistence_days': 0, 'volume_recovery_consistent': False, 'volatility_reducing': False, 'is_emerging_leader': False}, 'long_term': {'trend_clear': False, 'sustainable_growth': False, 'consistency_score': 0, 'is_confirmed_leader': False}, 'classification': 'MONITORING'}",MONITORING,"{""should_analyze"": false, ""combined_validation"": ""NOT_APPLICABLE""}",False,0.0,False,Other,0.0,none,0.0,False,Apenas 1 snapshots (mínimo 3),10_49m_range,0.0,0,0.0,55,0,0,0,20260510,0,0,False,False,NOT_APPLICABLE,False,True
mog-coin,mog,Mog Coin,https://coin-images.coingecko.com/coins/images/31059/large/MOG_LOGO_200x200.png?1696529893,1.02793e-07,40180615,497,40180615,11226715,1.07103e-07,9.8609e-08,-2.695114781e-09,-2.55489,-1844409.4390546754,-4.38884,390561997990255.06,390561997990255.06,420690000000000.0,4.02e-06,-97.4386,2024-12-07T03:55:46.658Z,4.526e-09,2172.86906,2023-07-24T17:10:57.805Z,,2026-06-06T13:56:43.097Z,-33.07826085188108,-21.809166766405042,early_accumulation,0.9744,False,False,False,low,-2.5582599999999998,,False,False,0.2794062509993936,10_49m_range,False,"{'short_term': {'has_spike': False, 'momentum_initial': 'low', 'volume_mc_ratio': 0, 'is_candidate': False}, 'medium_term': {'persistence_days': 0, 'volume_recovery_consistent': False, 'volatility_reducing': False, 'is_emerging_leader': False}, 'long_term': {'trend_clear': False, 'sustainable_growth': False, 'consistency_score': 0, 'is_confirmed_leader': False}, 'classification': 'MONITORING'}",MONITORING,"{""should_analyze"": false, ""combined_validation"": ""NOT_APPLICABLE""}",False,0.0,False,Meme,0.156,none,0.0051,False,Dados insuficientes,10_49m_range,0.0,0,0.0,56,0,0,0,20260603,0,0,False,False,NOT_APPLICABLE,False,
moonriver,movr,Moonriver,https://coin-images.coingecko.com/coins/images/17984/large/Moonriver_MOVR_ICON.png?1716647589,1.21,14551768,951,15120809,3963452,1.27,1.17,-0.029294615145728287,-2.36981,-324109.60359353945,-2.17876,12057508.0,12529012.0,,494.26,-99.75612,2021-09-11T11:40:35.912Z,0.989365,21.83441,2026-03-29T22:50:08.955Z,,2026-06-06T13:56:42.383Z,-47.581077054001256,-28.41382500511601,early_accumulation,0.9976,False,False,False,low,-2.37318,,False,False,0.2723691031907601,10_49m_range,False,"{'short_term': {'has_spike': False, 'momentum_initial': 'low', 'volume_mc_ratio': 0, 'is_candidate': False}, 'medium_term': {'persistence_days': 0, 'volume_recovery_consistent': False, 'volatility_reducing': False, 'is_emerging_leader': False}, 'long_term': {'trend_clear': False, 'sustainable_growth': False, 'consistency_score': 0, 'is_confirmed_leader': False}, 'classification': 'MONITORING'}",MONITORING,"{""should_analyze"": false, ""combined_validation"": ""NOT_APPLICABLE""}",False,0.0,False,Other,0.322,weak,0.3234,False,Sinal fraco: slope=0.3234,10_49m_range,0.0,0,0.0,57,0,0,0,20260510,0,0,False,False,NOT_APPLICABLE,False,
renzo,rez,Renzo,https://coin-images.coingecko.com/coins/images/37327/large/renzo_200x200.png?1714025012,0.00319471,27567951,656,31394222,6834421,0.00339841,0.00303991,-9.0340436969947e-05,-2.75004,-1071748.4461244643,-3.74218,8618439876.655636,9814629224.12962,10000000000.0,0.278213,-98.84946,2024-04-30T11:50:54.665Z,0.00265163,20.71624,2026-02-28T10:11:14.983Z,,2026-06-06T13:56:59.229Z,-45.089668382566614,-20.48951806924689,early_accumulation,0.9885,False,False,False,low,-2.7534099999999997,,False,False,0.24791182340682483,10_49m_range,False,"{'short_term': {'has_spike': False, 'momentum_initial': 'low', 'volume_mc_ratio': 0, 'is_candidate': False}, 'medium_term': {'persistence_days': 0, 'volume_recovery_consistent': False, 'volatility_reducing': False, 'is_emerging_leader': False}, 'long_term': {'trend_clear': False, 'sustainable_growth': False, 'consistency_score': 0, 'is_confirmed_leader': False}, 'classification': 'MONITORING'}",MONITORING,"{""should_analyze"": false, ""combined_validation"": ""NOT_APPLICABLE""}",False,0.0,False,DeFi,0.0,none,-0.0006,False,Ratio em queda — sem acumulação,10_49m_range,0.0,0,0.0,58,0,0,0,20260502,0,0,False,False,NOT_APPLICABLE,False,
ssv-network,ssv,SSV Network,https://coin-images.coingecko.com/coins/images/19155/large/ssv.png?1696518606,1.95,28645204,638,28645204,7015668,2.04,1.85,-0.06569269029375358,-3.26106,-1062691.3300383762,-3.57713,14699173.1,14699173.1,,65.82,-97.04074,2024-03-25T05:21:25.264Z,1.85,5.46425,2026-06-06T05:05:42.188Z,,2026-06-06T13:56:54.408Z,-31.90691993186348,-16.769248461035343,early_accumulation,0.9704,False,False,False,low,-3.26443,,False,False,0.24491597267032902,10_49m_range,False,"{'short_term': {'has_spike': False, 'momentum_initial': 'low', 'volume_mc_ratio': 0, 'is_candidate': False}, 'medium_term': {'persistence_days': 0, 'volume_recovery_consistent': False, 'volatility_reducing': False, 'is_emerging_leader': False}, 'long_term': {'trend_clear': False, 'sustainable_growth': False, 'consistency_score': 0, 'is_confirmed_leader': False}, 'classification': 'MONITORING'}",MONITORING,"{""should_analyze"": false, ""combined_validation"": ""NOT_APPLICABLE""}",False,0.0,False,DeFi,0.39,weak,0.0495,False,Sinal fraco: slope=0.0495,10_49m_range,0.0,0,0.0,59,0,0,0,20260502,0,0,False,False,NOT_APPLICABLE,False,
ankr,ankr,Ankr Network,https://coin-images.coingecko.com/coins/images/4324/large/Ankr_Blue_Symbol.png?1754623142,0.00378181,37815741,520,37815741,9156612,0.00387973,0.00358731,-1.5918170713599e-05,-0.41915,-161576.62634218484,-0.42546,10000000000.0,10000000000.0,10000000000.0,0.213513,-98.22768,2021-04-16T19:44:04.474Z,0.00070728,435.02488,2020-03-13T02:24:03.563Z,"{'times': -0.426997941815222, 'currency': 'usd', 'percentage': -42.69979418152219}",2026-06-06T13:56:55.053Z,-25.73546520571156,-18.108589310529982,early_accumulation,0.9823,False,False,False,low,-0.42252,,False,False,0.24213757969201238,10_49m_range,False,"{'short_term': {'has_spike': False, 'momentum_initial': 'low', 'volume_mc_ratio': 0, 'is_candidate': False}, 'medium_term': {'persistence_days': 0, 'volume_recovery_consistent': False, 'volatility_reducing': False, 'is_emerging_leader': False}, 'long_term': {'trend_clear': False, 'sustainable_growth': False, 'consistency_score': 0, 'is_confirmed_leader': False}, 'classification': 'MONITORING'}",MONITORING,"{""should_analyze"": false, ""combined_validation"": ""NOT_APPLICABLE""}",False,0.0,False,DeFi,0.0,none,-0.003,False,Ratio em queda — sem acumulação,10_49m_range,0.0,0,0.0,60,0,0,0,20260505,0,0,False,False,NOT_APPLICABLE,False,
xyo-network,xyo,XYO Network,https://coin-images.coingecko.com/coins/images/4519/large/XYO_Network-logo.png?1696505103,0.00344786,48029504,461,48029504,11563562,0.0035622,0.0033941,-6.5568945003594e-05,-1.86624,-983884.910057351,-2.00738,13930752875.47967,13930752875.47967,,0.081391,-95.74763,2021-11-06T04:44:55.346Z,9.672e-05,3478.3382,2020-03-13T02:24:24.303Z,"{'times': -0.926139268752359, 'currency': 'eth', 'percentage': -92.6139268752359}",2026-06-06T13:56:44.264Z,-6.2182022011364575,-17.566000290981947,early_accumulation,0.9576,False,False,False,low,-1.86961,,False,False,0.2407595547936535,10_49m_range,False,"{'short_term': {'has_spike': False, 'momentum_initial': 'low', 'volume_mc_ratio': 0, 'is_candidate': False}, 'medium_term': {'persistence_days': 0, 'volume_recovery_consistent': False, 'volatility_reducing': False, 'is_emerging_leader': False}, 'long_term': {'trend_clear': False, 'sustainable_growth': False, 'consistency_score': 0, 'is_confirmed_leader': False}, 'classification': 'MONITORING'}",MONITORING,"{""should_analyze"": false, ""combined_validation"": ""NOT_APPLICABLE""}",False,0.0,False,Other,0.0,none,-0.0163,False,Ratio em queda — sem acumulação,10_49m_range,0.0,0,0.0,61,0,0,0,20260504,0,0,False,False,NOT_APPLICABLE,False,
blur,blur,Blur,https://coin-images.coingecko.com/coins/images/28453/large/blur.png?1696527448,0.01661778,46814066,468,49888877,11111222,0.01706829,0.01551367,-0.000237214076045777,-1.40738,-1382419.809633039,-2.8683,2815100377.425799,3000000000.0,3000000000.0,5.02,-99.67017,2023-02-14T17:33:55.928Z,0.01551367,6.64914,2026-06-06T05:05:42.754Z,,2026-06-06T13:56:43.037Z,-36.7701214152582,-21.17565280192141,early_accumulation,0.9967,False,False,False,low,-1.4107500000000002,,False,False,0.23734793726312942,10_49m_range,False,"{'short_term': {'has_spike': False, 'momentum_initial': 'low', 'volume_mc_ratio': 0, 'is_candidate': False}, 'medium_term': {'persistence_days': 0, 'volume_recovery_consistent': False, 'volatility_reducing': False, 'is_emerging_leader': False}, 'long_term': {'trend_clear': False, 'sustainable_growth': False, 'consistency_score': 0, 'is_confirmed_leader': False}, 'classification': 'MONITORING'}",MONITORING,"{""should_analyze"": false, ""combined_validation"": ""NOT_APPLICABLE""}",False,0.0,False,Other,0.0,none,0.0,False,Apenas 1 snapshots (mínimo 3),10_49m_range,0.0,0,0.0,62,0,0,0,20260511,0,0,False,False,NOT_APPLICABLE,False,
metis-token,metis,Metis,https://coin-images.coingecko.com/coins/images/15595/large/Metis_Black_Bg.png?1702968192,2.46,18451976,842,24627478,4347044,2.57,2.34,-0.0614143203085451,-2.43306,-621230.7128584199,-3.25709,7492434.342,10000000.0,10000000.0,323.54,-99.2391,2022-01-16T20:14:31.709Z,2.34,5.21399,2026-06-06T05:10:44.742Z,,2026-06-06T13:56:42.430Z,-36.19434493727533,-22.0747494357769,early_accumulation,0.9924,False,False,False,low,-2.4364299999999997,,False,False,0.23558690949955713,10_49m_range,False,"{'short_term': {'has_spike': False, 'momentum_initial': 'low', 'volume_mc_ratio': 0, 'is_candidate': False}, 'medium_term': {'persistence_days': 0, 'volume_recovery_consistent': False, 'volatility_reducing': False, 'is_emerging_leader': False}, 'long_term': {'trend_clear': False, 'sustainable_growth': False, 'consistency_score': 0, 'is_confirmed_leader': False}, 'classification': 'MONITORING'}",MONITORING,"{""should_analyze"": false, ""combined_validation"": ""NOT_APPLICABLE""}",False,0.0,False,L2,0.0,none,0.0,False,Apenas 0 snapshots (mínimo 3),10_49m_range,0.0,0,0.0,63,0,0,0,20260606,0,0,False,False,NOT_APPLICABLE,False,True
chaingpt,cgpt,ChainGPT,https://coin-images.coingecko.com/coins/images/29306/large/200x200.png?1696528257,0.01974567,18316248,847,19732385,4266687,0.02077153,0.01904408,-0.000692074733815811,-3.38626,-657418.0747511163,-3.4649,926159565.0,997766421.0,1000000000.0,0.555799,-96.44035,2024-03-12T12:05:22.099Z,0.01776651,11.35833,2026-03-29T22:52:01.786Z,,2026-06-06T13:56:42.975Z,-30.523850506384687,-17.62906776589396,early_accumulation,0.9645,False,False,False,low,-3.38963,,False,False,0.23294547005478414,10_49m_range,False,"{'short_term': {'has_spike': False, 'momentum_initial': 'low', 'volume_mc_ratio': 0, 'is_candidate': False}, 'medium_term': {'persistence_days': 0, 'volume_recovery_consistent': False, 'volatility_reducing': False, 'is_emerging_leader': False}, 'long_term': {'trend_clear': False, 'sustainable_growth': False, 'consistency_score': 0, 'is_confirmed_leader': False}, 'classification': 'MONITORING'}",MONITORING,"{""should_analyze"": false, ""combined_validation"": ""NOT_APPLICABLE""}",False,0.0,False,Other,0.0,none,-0.0163,False,Ratio em queda — sem acumulação,10_49m_range,0.0,0,0.0,64,0,0,0,20260511,0,0,False,False,NOT_APPLICABLE,False,
altlayer,alt,AltLayer,https://coin-images.coingecko.com/coins/images/34608/large/Logomark_200x200.png?1715107868,0.00565411,36234670,535,56581370,8288722,0.00597132,0.00540577,-0.000259472594484912,-4.38774,-2147389.4434284866,-5.59477,6403993052.0,10000000000.0,10000000000.0,0.676743,-99.16314,2024-03-28T23:20:10.066Z,0.00540577,4.76565,2026-06-06T04:40:43.950Z,,2026-06-06T13:56:44.447Z,-29.566165782927467,-17.70113852078048,early_accumulation,0.9916,False,False,False,low,-4.39111,,False,False,0.22875113806749173,10_49m_range,False,"{'short_term': {'has_spike': False, 'momentum_initial': 'low', 'volume_mc_ratio': 0, 'is_candidate': False}, 'medium_term': {'persistence_days': 0, 'volume_recovery_consistent': False, 'volatility_reducing': False, 'is_emerging_leader': False}, 'long_term': {'trend_clear': False, 'sustainable_growth': False, 'consistency_score': 0, 'is_confirmed_leader': False}, 'classification': 'MONITORING'}",MONITORING,"{""should_analyze"": false, ""combined_validation"": ""NOT_APPLICABLE""}",False,0.0,False,Other,0.0,none,-0.0581,False,Ratio em queda — sem acumulação,10_49m_range,0.0,0,0.0,65,0,0,0,20260520,0,0,False,False,NOT_APPLICABLE,False,True
uma,uma,UMA,https://coin-images.coingecko.com/coins/images/10951/large/UMA.png?1696510900,0.372614,33750613,568,48018182,7516940,0.377686,0.350321,-0.0003360686669579,-0.09011,-326324.2747762948,-0.95761,90575214.84885328,128864535.5340499,,41.56,-99.10363,2021-02-04T11:27:11.433Z,0.303625,22.68173,2020-04-29T17:00:41.760Z,,2026-06-06T13:56:41.670Z,-23.16657536355794,-15.366209047606699,early_accumulation,0.991,False,False,False,low,-0.09348,,False,False,0.22272010289116823,10_49m_range,False,"{'short_term': {'has_spike': False, 'momentum_initial': 'low', 'volume_mc_ratio': 0, 'is_candidate': False}, 'medium_term': {'persistence_days': 0, 'volume_recovery_consistent': False, 'volatility_reducing': False, 'is_emerging_leader': False}, 'long_term': {'trend_clear': False, 'sustainable_growth': False, 'consistency_score': 0, 'is_confirmed_leader': False}, 'classification': 'MONITORING'}",MONITORING,"{""should_analyze"": false, ""combined_validation"": ""NOT_APPLICABLE""}",False,0.0,False,Other,0.0,none,-0.0262,False,Ratio em queda — sem acumulação,10_49m_range,0.0,0,0.0,66,0,0,0,20260507,0,0,False,False,NOT_APPLICABLE,False,True
coti,coti,COTI,https://coin-images.coingecko.com/coins/images/2962/large/Coti.png?1696503705,0.00963987,27610723,657,27611020,6010285,0.0100072,0.00920693,-0.00015267833350794,-1.55913,-427932.30363398045,-1.52622,2864150211.438488,2864181017.835686,4910000000.0,0.668634,-98.56103,2021-09-29T11:39:21.397Z,0.00556342,72.94115,2019-11-07T10:29:26.372Z,"{'times': -0.8516943390842155, 'currency': 'usd', 'percentage': -85.16943390842155}",2026-06-06T13:56:43.173Z,-32.59270502989937,-20.101484217383437,early_accumulation,0.9856,False,False,False,low,-1.5625,,False,False,0.21767937768235912,10_49m_range,False,"{'short_term': {'has_spike': False, 'momentum_initial': 'low', 'volume_mc_ratio': 0, 'is_candidate': False}, 'medium_term': {'persistence_days': 0, 'volume_recovery_consistent': False, 'volatility_reducing': False, 'is_emerging_leader': False}, 'long_term': {'trend_clear': False, 'sustainable_growth': False, 'consistency_score': 0, 'is_confirmed_leader': False}, 'classification': 'MONITORING'}",MONITORING,"{""should_analyze"": false, ""combined_validation"": ""NOT_APPLICABLE""}",False,0.0,False,Other,0.0,none,0.0,False,Apenas 2 snapshots (mínimo 3),10_49m_range,0.0,0,0.0,67,0,0,0,20260601,0,0,False,False,NOT_APPLICABLE,False,
iexec-rlc,rlc,iExec RLC,https://coin-images.coingecko.com/coins/images/646/large/pL1VuXm.png?1696501840,0.342239,24782136,708,29786745,5372881,0.347208,0.319154,-0.001888782526358823,-0.54886,-385502.7821380757,-1.53174,72382548.06525737,86999784.9868455,86999784.9868455,15.51,-97.78976,2021-05-10T17:59:51.557Z,0.153815,122.8803,2018-12-15T00:00:00.000Z,,2026-06-06T13:56:45.415Z,-28.592949504049635,-24.557737663804577,early_accumulation,0.9779,False,False,False,low,-0.55223,,False,False,0.21680459666592097,10_49m_range,False,"{'short_term': {'has_spike': False, 'momentum_initial': 'low', 'volume_mc_ratio': 0, 'is_candidate': False}, 'medium_term': {'persistence_days': 0, 'volume_recovery_consistent': False, 'volatility_reducing': False, 'is_emerging_leader': False}, 'long_term': {'trend_clear': False, 'sustainable_growth': False, 'consistency_score': 0, 'is_confirmed_leader': False}, 'classification': 'MONITORING'}",MONITORING,"{""should_analyze"": false, ""combined_validation"": ""NOT_APPLICABLE""}",False,0.0,False,DeFi,0.0,none,0.0,False,Apenas 1 snapshots (mínimo 3),10_49m_range,0.0,0,0.0,68,0,0,0,20260503,0,0,False,False,NOT_APPLICABLE,False,
f-x-protocol-fxusd,fxusd,f(x) Protocol fxUSD,https://coin-images.coingecko.com/coins/images/36202/large/fxUSD.jpg?1710833113,0.991766,46339075,471,46339075,10043308,1.023,0.981187,-0.00147023217814346,-0.14802,-4275261.386062838,-8.44674,46663088.87514872,46663088.87514872,,1.071,-7.14191,2026-04-28T00:15:06.461Z,0.953062,4.33097,2024-12-05T15:45:54.718Z,,2026-06-06T13:56:55.595Z,-0.4299849510204735,-1.3051260529557291,early_accumulation,0.074,False,False,False,low,-0.15139000000000002,,False,False,0.2167351851542138,10_49m_range,False,"{'short_term': {'has_spike': False, 'momentum_initial': 'low', 'volume_mc_ratio': 0, 'is_candidate': False}, 'medium_term': {'persistence_days': 0, 'volume_recovery_consistent': False, 'volatility_reducing': False, 'is_emerging_leader': False}, 'long_term': {'trend_clear': False, 'sustainable_growth': False, 'consistency_score': 0, 'is_confirmed_leader': False}, 'classification': 'MONITORING'}",MONITORING,"{""should_analyze"": false, ""combined_validation"": ""NOT_APPLICABLE""}",False,0.0,False,Other,0.0,none,0.0,False,Apenas 0 snapshots (mínimo 3),10_49m_range,0.0,0,0.0,69,0,0,0,20260505,0,0,False,False,NOT_APPLICABLE,False,
kava,kava,Kava,https://coin-images.coingecko.com/coins/images/9761/large/kava.png?1696509822,0.0421237,45611284,473,45611284,9521620,0.04345991,0.03971159,-0.001336203978931041,-3.07457,-1244907.0297099948,-2.65687,1082847018.0,1082847018.0,,9.12,-99.54003,2021-08-30T11:10:02.948Z,0.03971159,5.63734,2026-06-06T05:05:46.804Z,,2026-06-06T13:56:46.484Z,-33.41196056469965,-24.78049761335162,early_accumulation,0.9954,False,False,False,low,-3.07794,,False,False,0.20875579823624346,10_49m_range,False,"{'short_term': {'has_spike': False, 'momentum_initial': 'low', 'volume_mc_ratio': 0, 'is_candidate': False}, 'medium_term': {'persistence_days': 0, 'volume_recovery_consistent': False, 'volatility_reducing': False, 'is_emerging_leader': False}, 'long_term': {'trend_clear': False, 'sustainable_growth': False, 'consistency_score': 0, 'is_confirmed_leader': False}, 'classification': 'MONITORING'}",MONITORING,"{""should_analyze"": false, ""combined_validation"": ""NOT_APPLICABLE""}",False,0.0,False,L1,0.0,none,0.0,False,Apenas 1 snapshots (mínimo 3),10_49m_range,0.0,0,0.0,70,0,0,0,20260605,0,0,False,False,NOT_APPLICABLE,False,
g-token,g,Gravity (by Galxe),https://coin-images.coingecko.com/coins/images/39200/large/gravity.jpg?1721020647,0.00270179,19596285,814,32512813,4002907,0.0028554,0.00260397,-9.5879383561594e-05,-3.42712,-642071.1255712435,-3.17255,7232700000.0,12000000000.0,12000000000.0,0.091691,-97.05284,2024-07-18T08:44:41.666Z,0.00260397,3.77583,2026-06-06T04:45:27.179Z,,2026-06-06T13:56:46.426Z,-28.64846654681089,-22.12877531163334,early_accumulation,0.9705,False,False,False,low,-3.43049,,False,False,0.20426866622933887,10_49m_range,False,"{'short_term': {'has_spike': False, 'momentum_initial': 'low', 'volume_mc_ratio': 0, 'is_candidate': False}, 'medium_term': {'persistence_days': 0, 'volume_recovery_consistent': False, 'volatility_reducing': False, 'is_emerging_leader': False}, 'long_term': {'trend_clear': False, 'sustainable_growth': False, 'consistency_score': 0, 'is_confirmed_leader': False}, 'classification': 'MONITORING'}",MONITORING,"{""should_analyze"": false, ""combined_validation"": ""NOT_APPLICABLE""}",False,0.0,False,Other,0.404,moderate,0.0161,False,Possível acumulação: slope=0.0161,10_49m_range,0.0,0,0.0,71,0,0,0,20260510,0,0,False,False,NOT_APPLICABLE,False,True
ontology,ont,Ontology,https://coin-images.coingecko.com/coins/images/3447/large/ONT.png?1696504138,0.046157,46156090,472,46156090,9416928,0.04796643,0.04322189,-0.001805767686524733,-3.76494,-1599263.532711573,-3.34887,1000000000.0,1000000000.0,,10.92,-99.58086,2018-05-03T01:43:05.844Z,0.0390593,17.18612,2026-03-08T22:25:15.766Z,,2026-06-06T13:56:43.961Z,-27.616095341439806,-12.151052369313678,early_accumulation,0.9958,False,False,False,low,-3.76831,,False,False,0.20402352105648464,10_49m_range,False,"{'short_term': {'has_spike': False, 'momentum_initial': 'low', 'volume_mc_ratio': 0, 'is_candidate': False}, 'medium_term': {'persistence_days': 0, 'volume_recovery_consistent': False, 'volatility_reducing': False, 'is_emerging_leader': False}, 'long_term': {'trend_clear': False, 'sustainable_growth': False, 'consistency_score': 0, 'is_confirmed_leader': False}, 'classification': 'MONITORING'}",MONITORING,"{""should_analyze"": false, ""combined_validation"": ""NOT_APPLICABLE""}",False,0.0,False,Other,0.0,none,-0.4317,False,Ratio em queda — sem acumulação,10_49m_range,0.0,0,0.0,72,0,0,0,20260519,0,0,False,False,NOT_APPLICABLE,False,
